name,region,est_no_tiles,split
20220810T064957_000485_ME,North Africa & Middle East,1,train
20220810T065021_000486_ME,North Africa & Middle East,1,train
20220810T065132_000487_ME,North Africa & Middle East,1,train
20220810T065132_000496_ME,North Africa & Middle East,1,train
20220811T042630_000490_ME,North Africa & Middle East,1,train
20220814T051412_000491_ME,North Africa & Middle East,1,train
20220815T042826_000492_ST,Stans,10,train
20220815T042826_000493_ST,Stans,4,train
20220815T042838_000494_ST,Stans,1,train
20220815T074645_000495_ST,Stans,1,train
20220815T074645_000742_ST,Stans,1,train
20220815T140823_000497_ME,North Africa & Middle East,4,train
20220816T034409_000741_ST,Stans,1,train
20220816T101035_000502_ST,Stans,1,train
20220816T101058_000500_ST,Stans,1,train
20220816T114505_000498_EU,Europe,1,train
20220817T043235_000743_ST,Stans,1,train
20220817T043235_000744_ST,Stans,1,train
20220817T092038_000503_ST,Stans,1,train
20220818T034231_000507_ST,Stans,1,train
20220818T070105_000508_CM,China & Mongolia,1,val
20220818T083506_000506_ST,Stans,1,train
20220818T114440_000505_ME,North Africa & Middle East,1,train
20220819T092231_000510_ST,Stans,1,train
20220819T123047_000511_ME,North Africa & Middle East,1,train
20220820T052804_000514_CM,China & Mongolia,1,val
20220820T083324_000512_ST,Stans,1,train
20220820T083324_000513_ST,Stans,6,train
20220820T100739_002712_EU,Europe,1,train
20220820T100937_002713_ME,North Africa & Middle East,1,train
20220820T101039_002715_ME,North Africa & Middle East,1,train
20220821T110023_002719_ME,North Africa & Middle East,1,train
20220821T110023_002720_ME,North Africa & Middle East,1,train
20220822T065713_000517_ST,Stans,1,train
20220822T100653_000516_ME,North Africa & Middle East,1,train
20220823T074504_000519_ST,Stans,4,train
20220823T074504_000520_ST,Stans,1,train
20220823T074504_000522_ST,Stans,1,train
20220823T074504_000523_ST,Stans,1,train
20220826T065435_000528_ST,Stans,1,train
20220826T065435_000529_ST,Stans,1,train
20220826T065435_000530_ST,Stans,1,train
20220826T065435_000531_ST,Stans,1,train
20220826T082915_000527_ME,North Africa & Middle East,4,train
20220826T174642_000524_AM,North America,1,train
20220826T174642_000525_AM,North America,1,train
20220827T060730_000533_ST,Stans,1,train
20220827T060753_000534_ST,Stans,1,train
20220827T060753_000535_ST,Stans,1,train
20220827T060753_000536_ST,Stans,1,train
20220827T060753_000537_ST,Stans,1,train
20220827T060753_000538_ST,Stans,8,train
20220827T060753_000539_ST,Stans,1,train
20220827T060753_000540_ST,Stans,1,train
20220827T060753_000541_ST,Stans,1,train
20220827T074030_000542_EU,Europe,1,train
20220827T104927_000526_ME,North Africa & Middle East,1,train
20220828T051853_000915_ST,Stans,4,train
20220828T051905_000916_ST,Stans,4,train
20220828T051905_000917_ST,Stans,1,train
20220828T051917_000918_ST,Stans,1,train
20220828T051929_000919_ST,Stans,1,train
20220828T051929_000920_ST,Stans,1,train
20220828T051941_000921_ST,Stans,9,train
20220828T051941_000922_ST,Stans,4,train
20220828T065300_000925_EU,Europe,1,train
20220828T065324_000924_EU,Europe,1,train
20220828T065550_000923_ME,North Africa & Middle East,1,train
20220828T065626_002733_ME,North Africa & Middle East,1,train
20220828T082847_000926_ME,North Africa & Middle East,1,train
20220828T082847_000927_ME,North Africa & Middle East,1,train
20220828T082847_000928_ME,North Africa & Middle East,1,train
20220828T082847_000929_ME,North Africa & Middle East,1,train
20220828T082847_000930_ME,North Africa & Middle East,1,train
20220829T060627_000543_ME,North Africa & Middle East,1,train
20220829T060913_000544_AS,SE Asia,16,test
20220829T060913_000545_AS,SE Asia,4,test
20220829T165553_000740_AM,North America,1,train
20220830T065244_000546_ME,North Africa & Middle East,4,train
20220831T060702_000547_ME,North Africa & Middle East,1,train
20220831T060702_000548_ME,North Africa & Middle East,4,train
20220831T060738_002200_ME,North Africa & Middle East,1,train
20220901T034318_000554_ST,Stans,1,train
20220901T034318_000555_ST,Stans,1,train
20220901T034318_000556_ST,Stans,1,train
20220901T034318_000557_ST,Stans,1,train
20220901T034318_000558_ST,Stans,1,train
20220901T034318_000559_ST,Stans,1,train
20220901T034318_000560_ST,Stans,1,train
20220901T034318_000561_ST,Stans,1,train
20220901T034318_000562_ST,Stans,4,train
20220901T034318_000563_ST,Stans,1,train
20220901T034318_000564_ST,Stans,1,train
20220901T034318_000565_ST,Stans,1,train
20220901T051709_000550_ME,North Africa & Middle East,1,train
20220901T051720_000551_ME,North Africa & Middle East,1,train
20220901T051920_000552_ME,North Africa & Middle East,1,train
20220901T082525_000549_ME,North Africa & Middle East,16,train
20220903T051924_000568_ME,North Africa & Middle East,11,train
20220903T065056_002339_ME,North Africa & Middle East,1,train
20220903T065242_000567_ME,North Africa & Middle East,1,train
20220903T082537_000566_ME,North Africa & Middle East,1,train
20220909T070254_000569_SA,South America & South Africa,1,test
20220909T070306_000570_SA,South America & South Africa,1,test
20220909T070306_000571_SA,South America & South Africa,1,test
20220909T070306_000572_SA,South America & South Africa,1,test
20230107T143818_000574_SA,South America & South Africa,1,test
20230111T130107_000576_SA,South America & South Africa,1,test
20230111T130218_000575_SA,South America & South Africa,1,test
20230119T040223_000578_AU,Australia,1,val
20230119T040223_000579_AU,Australia,1,val
20230121T161834_000581_SA,South America & South Africa,1,test
20230122T153151_000582_SA,South America & South Africa,1,test
20230123T085311_000583_AS,SE Asia,1,test
20230125T004744_000584_AU,Australia,1,val
20230125T004744_000586_AU,Australia,1,val
20230126T062716_000587_AS,SE Asia,1,test
20230126T124335_000590_ME,North Africa & Middle East,1,train
20230127T162104_000591_SA,South America & South Africa,1,test
20230127T162104_000592_SA,South America & South Africa,1,test
20230128T124118_000593_ME,North Africa & Middle East,1,train
20230128T124118_000594_ME,North Africa & Middle East,1,train
20230128T124130_000595_ME,North Africa & Middle East,1,train
20230129T084611_000738_ME,North Africa & Middle East,1,train
20230129T130321_000596_SA,South America & South Africa,1,test
20230129T130333_000597_SA,South America & South Africa,1,test
20230130T093555_000598_ME,North Africa & Middle East,1,train
20230130T184923_000739_AM,North America,1,train
20230131T053924_000600_AS,SE Asia,1,test
20230131T053936_000601_AS,SE Asia,12,test
20230131T054317_000602_CM,China & Mongolia,1,val
20230131T054340_000603_CM,China & Mongolia,1,val
20230131T054340_000604_CM,China & Mongolia,1,val
20230131T084913_000599_ST,Stans,1,train
20230201T075326_000605_ME,North Africa & Middle East,1,train
20230202T070803_000606_ME,North Africa & Middle East,1,train
20230202T070803_000610_ME,North Africa & Middle East,1,train
20230202T193821_000611_AM,North America,1,train
20230203T062256_000614_AS,SE Asia,1,test
20230203T062629_000615_CM,China & Mongolia,1,val
20230203T062629_000616_CM,China & Mongolia,1,val
20230203T171434_000613_AM,North America,1,train
20230204T040649_000617_CM,China & Mongolia,1,val
20230204T041009_000618_CM,China & Mongolia,1,val
20230204T070701_000621_ME,North Africa & Middle East,16,train
20230204T071117_000622_ST,Stans,1,train
20230204T071144_000623_ST,Stans,1,train
20230204T084139_000619_ME,North Africa & Middle East,1,train
20230204T084203_000620_ME,North Africa & Middle East,1,train
20230205T171244_000624_AM,North America,1,train
20230205T171255_000625_AM,North America,1,train
20230205T171255_000626_AM,North America,1,train
20230205T171255_000627_AM,North America,1,train
20230205T171255_000628_AM,North America,1,train
20230205T171255_000629_AM,North America,1,train
20230205T171255_000630_AM,North America,4,train
20230205T171255_000631_AM,North America,1,train
20230206T162514_000635_AM,North America,1,train
20230214T072457_000640_CM,China & Mongolia,1,val
20230214T085715_000639_CM,China & Mongolia,1,val
20230214T103422_000637_AS,SE Asia,1,test
20230214T103422_000638_AS,SE Asia,1,test
20230214T103457_000636_AS,SE Asia,1,test
20230215T063626_000643_CM,China & Mongolia,1,val
20230215T111933_000641_ME,North Africa & Middle East,1,train
20230215T203354_000644_AM,North America,1,train
20230216T133626_000658_ME,North Africa & Middle East,1,train
20230216T133626_000659_ME,North Africa & Middle East,1,train
20230216T133626_000660_ME,North Africa & Middle East,1,train
20230216T133626_000661_ME,North Africa & Middle East,1,train
20230216T133701_000662_ME,North Africa & Middle East,1,train
20230217T063221_000646_CM,China & Mongolia,1,val
20230217T111603_000653_ME,North Africa & Middle East,4,train
20230217T203134_000647_AM,North America,1,train
20230217T203432_000648_AM,North America,1,train
20230218T085651_000656_AS,SE Asia,1,test
20230218T085651_000657_AS,SE Asia,1,test
20230218T085703_000655_AS,SE Asia,1,test
20230218T085739_000654_AS,SE Asia,4,test
20230218T102723_000652_ME,North Africa & Middle East,1,train
20230218T120210_000649_ME,North Africa & Middle East,1,train
20230218T120210_000650_ME,North Africa & Middle East,1,train
20230218T120210_000651_ME,North Africa & Middle East,1,train
20230218T181054_000663_AM,North America,1,train
20230219T063155_000686_CM,China & Mongolia,1,val
20230219T080503_000683_ST,Stans,16,train
20230219T080527_000681_ST,Stans,1,train
20230219T080527_000682_ST,Stans,1,train
20230219T080539_000678_ST,Stans,1,train
20230219T080539_000679_ST,Stans,1,train
20230219T080539_000680_ST,Stans,1,train
20230219T093908_000667_EU,Europe,1,train
20230219T093943_000668_ME,North Africa & Middle East,1,train
20230219T094118_000669_ME,North Africa & Middle East,1,train
20230219T094118_000670_ME,North Africa & Middle East,1,train
20230219T094118_000671_ME,North Africa & Middle East,1,train
20230219T094118_000672_ME,North Africa & Middle East,1,train
20230219T094118_000673_ME,North Africa & Middle East,1,train
20230219T094130_000674_ME,North Africa & Middle East,1,train
20230219T094130_000675_ME,North Africa & Middle East,1,train
20230219T094130_000677_ME,North Africa & Middle East,4,train
20230219T190539_000664_SA,South America & South Africa,1,test
20230220T054540_000687_CM,China & Mongolia,1,val
20230220T054540_000688_CM,China & Mongolia,1,val
20230220T054540_000689_CM,China & Mongolia,1,val
20230220T071530_000685_ST,Stans,1,train
20230220T103220_000690_ME,North Africa & Middle East,1,train
20230220T103220_000691_ME,North Africa & Middle East,1,train
20230220T103220_000692_ME,North Africa & Middle East,1,train
20230220T103220_000693_ME,North Africa & Middle East,1,train
20230220T194324_000696_AM,North America,1,train
20230220T194546_000695_AM,North America,1,train
20230220T194723_000694_AM,North America,1,train
20230221T045604_000716_CM,China & Mongolia,1,val
20230221T063001_000713_ST,Stans,1,train
20230221T093954_000697_ME,North Africa & Middle East,1,train
20230221T093954_000698_ME,North Africa & Middle East,1,train
20230222T085106_000699_EU,Europe,1,train
20230223T045645_000714_CM,China & Mongolia,1,val
20230223T045720_000715_CM,China & Mongolia,1,val
20230223T063022_000711_ST,Stans,4,train
20230223T063022_000712_ST,Stans,1,train
20230223T063033_000710_ST,Stans,4,train
20230223T063057_000708_ST,Stans,1,train
20230223T063057_000709_ST,Stans,4,train
20230223T063109_000704_ST,Stans,4,train
20230223T063109_000705_ST,Stans,1,train
20230223T063109_000706_ST,Stans,16,train
20230223T063109_000707_ST,Stans,16,train
20230223T080447_000700_EU,Europe,1,train
20230223T080459_000701_EU,Europe,1,train
20230224T041158_000717_CM,China & Mongolia,1,val
20230224T041158_000718_CM,China & Mongolia,1,val
20230224T041158_000719_CM,China & Mongolia,1,val
20230224T041158_000720_CM,China & Mongolia,1,val
20230224T085831_000733_ME,North Africa & Middle East,1,train
20230224T085831_000734_ME,North Africa & Middle East,4,train
20230224T085831_000735_ME,North Africa & Middle East,1,train
20230224T102219_000724_EU,Europe,1,train
20230224T181000_000731_AM,North America,1,train
20230224T181000_000732_AM,North America,1,train
20230224T181429_000726_AM,North America,1,train
20230224T181429_000727_AM,North America,4,train
20230224T181429_000728_AM,North America,1,train
20230224T181441_000725_AM,North America,1,train
20230225T050619_000721_AS,SE Asia,1,test
20230225T050619_000722_AS,SE Asia,1,test
20230225T050619_000723_AS,SE Asia,1,test
20230225T080531_000747_ME,North Africa & Middle East,1,train
20230225T080543_000746_ME,North Africa & Middle East,4,train
20230226T041022_000749_CM,China & Mongolia,4,val
20230226T041022_000750_CM,China & Mongolia,3,val
20230226T054714_000748_AS,SE Asia,1,test
20230227T155714_000736_SA,South America & South Africa,1,test
20230227T155714_000737_SA,South America & South Africa,1,test
20230311T125954_000752_SA,South America & South Africa,1,test
20230318T045250_000849_AU,Australia,1,val
20230323T144805_002430_SA,South America & South Africa,1,test
20230324T094919_000757_AS,SE Asia,1,test
20230324T094943_000758_AS,SE Asia,1,test
20230325T121118_000767_ME,North Africa & Middle East,1,train
20230325T121118_000768_ME,North Africa & Middle East,1,train
20230325T134123_000763_ME,North Africa & Middle East,1,train
20230325T134123_000764_ME,North Africa & Middle East,1,train
20230325T134135_000765_ME,North Africa & Middle East,1,train
20230325T134147_000766_ME,North Africa & Middle East,1,train
20230325T151728_000761_EU,Europe,1,train
20230326T081920_002585_CM,China & Mongolia,1,val
20230326T081955_000771_CM,China & Mongolia,1,val
20230326T112521_000769_ST,Stans,1,train
20230326T142844_002586_ME,North Africa & Middle East,1,train
20230326T142844_002587_ME,North Africa & Middle East,1,train
20230326T142844_002588_ME,North Africa & Middle East,1,train
20230326T143019_000762_ME,North Africa & Middle East,1,train
20230327T073331_000772_CM,China & Mongolia,1,val
20230327T120858_002591_ME,North Africa & Middle East,1,train
20230327T120957_002592_ME,North Africa & Middle East,1,train
20230330T094934_000780_ST,Stans,1,train
20230330T095033_000781_ST,Stans,4,train
20230330T095045_000782_ST,Stans,1,train
20230330T125250_000778_ME,North Africa & Middle East,1,train
20230330T125302_000775_ME,North Africa & Middle East,1,train
20230330T125302_000776_ME,North Africa & Middle East,1,train
20230330T125302_000777_ME,North Africa & Middle East,1,train
20230330T125302_000779_ME,North Africa & Middle East,1,train
20230331T072349_000784_AS,SE Asia,1,test
20230331T120633_002594_ME,North Africa & Middle East,1,train
20230331T194937_000848_AM,North America,1,train
20230403T081031_000791_ME,North Africa & Middle East,1,train
20230403T081219_000792_ME,North Africa & Middle East,1,train
20230403T081219_000793_ME,North Africa & Middle East,4,train
20230403T081457_000794_ST,Stans,1,train
20230403T094539_000790_ME,North Africa & Middle East,1,train
20230403T111837_000786_ME,North Africa & Middle East,1,train
20230403T111837_000787_ME,North Africa & Middle East,1,train
20230403T111837_000788_ME,North Africa & Middle East,1,train
20230403T111837_002609_ME,North Africa & Middle East,1,train
20230403T111837_002610_ME,North Africa & Middle East,1,train
20230403T111849_000785_ME,North Africa & Middle East,1,train
20230403T111849_002611_ME,North Africa & Middle East,1,train
20230404T085844_000795_ME,North Africa & Middle East,1,train
20230404T085908_000796_ME,North Africa & Middle East,16,train
20230404T090019_000798_ME,North Africa & Middle East,1,train
20230404T090019_000799_ME,North Africa & Middle East,1,train
20230404T090019_000800_ME,North Africa & Middle East,1,train
20230404T090019_000801_ME,North Africa & Middle East,1,train
20230404T090031_000797_ME,North Africa & Middle East,1,train
20230404T090042_000802_EU,Europe,1,train
20230404T090042_000803_EU,Europe,1,train
20230405T063543_000804_ME,North Africa & Middle East,1,train
20230405T063543_000805_ME,North Africa & Middle East,1,train
20230405T063543_000806_ME,North Africa & Middle East,1,train
20230405T063543_000807_ME,North Africa & Middle East,1,train
20230405T081246_000808_ME,North Africa & Middle East,1,train
20230405T081246_000809_ME,North Africa & Middle East,1,train
20230413T095729_000818_ST,Stans,1,train
20230416T122203_000810_ME,North Africa & Middle East,1,train
20230416T213735_000851_AM,North America,1,train
20230417T095836_000811_ST,Stans,1,train
20230417T095836_000812_ST,Stans,1,train
20230417T095836_000813_ST,Stans,1,train
20230417T095836_000814_ST,Stans,16,train
20230417T095836_000815_ST,Stans,1,train
20230417T095836_000816_ST,Stans,1,train
20230417T095848_000817_ST,Stans,1,train
20230418T060602_000822_CM,China & Mongolia,1,val
20230418T060625_000823_CM,China & Mongolia,1,val
20230418T060625_000824_CM,China & Mongolia,1,val
20230418T060625_000825_CM,China & Mongolia,1,val
20230418T060625_000826_CM,China & Mongolia,1,val
20230418T060625_002052_CM,China & Mongolia,1,val
20230418T060625_002056_CM,China & Mongolia,1,val
20230418T060625_002057_CM,China & Mongolia,1,val
20230418T090931_002044_ST,Stans,1,train
20230418T090931_002045_ST,Stans,1,train
20230418T091053_002046_ST,Stans,1,train
20230418T091117_002048_ST,Stans,1,train
20230418T091128_002047_ST,Stans,1,train
20230418T091152_000828_ST,Stans,1,train
20230418T091216_000827_ST,Stans,1,train
20230418T200118_000829_AM,North America,1,train
20230419T082352_000832_ST,Stans,1,train
20230419T113335_002060_ME,North Africa & Middle East,1,train
20230419T130650_000830_ME,North Africa & Middle East,1,train
20230419T130650_000831_ME,North Africa & Middle East,1,train
20230420T060148_000837_CM,China & Mongolia,1,val
20230420T073554_002068_ST,Stans,1,train
20230420T104534_000833_ME,North Africa & Middle East,4,train
20230421T082329_000835_ST,Stans,1,train
20230421T082638_000836_AS,SE Asia,1,test
20230421T100017_000834_ME,North Africa & Middle East,1,train
20230421T191423_000850_AM,North America,1,train
20230422T073437_000842_ST,Stans,1,train
20230422T091058_000839_ME,North Africa & Middle East,4,train
20230422T091110_000840_ME,North Africa & Middle East,1,train
20230423T051516_000844_CM,China & Mongolia,1,val
20230423T051516_000846_CM,China & Mongolia,1,val
20230423T051516_000847_CM,China & Mongolia,1,val
20230423T064421_000843_ST,Stans,1,train
20230423T082223_000841_ME,North Africa & Middle East,1,train
20230423T100136_000838_ME,North Africa & Middle East,4,train
20230423T112619_000853_EU,Europe,1,train
20230423T112908_000854_ME,North Africa & Middle East,1,train
20230423T191232_000852_AM,North America,1,train
20230424T042444_000856_CM,China & Mongolia,4,val
20230424T060859_000857_AS,SE Asia,1,test
20230424T090818_000855_ME,North Africa & Middle East,1,train
20230424T164949_000858_AM,North America,1,train
20230424T182545_002857_AM,North America,1,train
20230425T034028_000861_CM,China & Mongolia,1,val
20230425T034040_000862_CM,China & Mongolia,1,val
20230425T034040_000863_CM,China & Mongolia,1,val
20230425T034040_000864_CM,China & Mongolia,1,val
20230425T034040_000865_CM,China & Mongolia,1,val
20230425T034040_000866_CM,China & Mongolia,1,val
20230425T034040_000867_CM,China & Mongolia,1,val
20230425T034040_002844_CM,China & Mongolia,1,val
20230425T051216_000860_CM,China & Mongolia,13,val
20230425T064628_002839_ST,Stans,1,train
20230425T064628_002840_ST,Stans,1,train
20230425T064628_002841_ST,Stans,1,train
20230425T081923_000859_ME,North Africa & Middle East,1,train
20230426T025302_000876_CM,China & Mongolia,1,val
20230426T055703_000874_ST,Stans,6,train
20230426T055703_000875_ST,Stans,16,train
20230426T073130_000870_EU,Europe,1,train
20230426T182239_000868_AM,North America,1,train
20230426T182239_000869_AM,North America,1,train
20230427T064404_000871_ME,North Africa & Middle East,1,train
20230427T064416_000872_ME,North Africa & Middle East,1,train
20230427T064416_000873_ME,North Africa & Middle East,1,train
20230427T173630_000877_AM,North America,1,train
20230427T175126_002681_SA,South America & South Africa,1,test
20230428T024900_000897_CM,China & Mongolia,1,val
20230428T055524_000885_ST,Stans,4,train
20230428T055536_000880_ST,Stans,1,train
20230428T055536_000881_ST,Stans,4,train
20230428T055536_000882_ST,Stans,16,train
20230428T055536_000883_ST,Stans,4,train
20230428T055536_000884_ST,Stans,4,train
20230428T090309_000878_ME,North Africa & Middle East,1,train
20230428T090309_000879_ME,North Africa & Middle East,1,train
20230429T050811_000888_ST,Stans,4,train
20230429T050811_000889_ST,Stans,4,train
20230429T050811_000890_ST,Stans,16,train
20230429T050811_000891_ST,Stans,1,train
20230429T050811_000892_ST,Stans,11,train
20230429T050811_000893_ST,Stans,4,train
20230429T050811_000895_ST,Stans,4,train
20230429T050811_000896_ST,Stans,1,train
20230429T050823_000886_ST,Stans,1,train
20230429T050823_000887_ST,Stans,1,train
20230429T050823_000894_ST,Stans,16,train
20230429T050835_002626_ST,Stans,1,train
20230429T064405_002622_ME,North Africa & Middle East,1,train
20230430T055556_000902_ME,North Africa & Middle East,1,train
20230430T055608_000903_ME,North Africa & Middle East,4,train
20230430T072853_000898_ME,North Africa & Middle East,1,train
20230430T072853_000899_ME,North Africa & Middle East,1,train
20230430T072853_000900_ME,North Africa & Middle East,1,train
20230430T072853_000901_ME,North Africa & Middle East,1,train
20230430T164407_000931_AM,North America,1,train
20230502T042234_000906_AS,SE Asia,4,test
20230502T042234_000907_AS,SE Asia,4,test
20230502T042258_000905_AS,SE Asia,1,test
20230502T072754_000904_ME,North Africa & Middle East,1,train
20230504T135442_000911_SA,South America & South Africa,1,test
20230504T135454_000908_SA,South America & South Africa,4,test
20230504T135454_000909_SA,South America & South Africa,4,test
20230504T135454_000910_SA,South America & South Africa,1,test
20230526T142126_000912_ME,North Africa & Middle East,1,train
20230526T142126_000913_ME,North Africa & Middle East,1,train
20230526T142126_000914_ME,North Africa & Middle East,1,train
20230527T133235_000257_ME,North Africa & Middle East,1,train
20230529T085541_002038_CM,China & Mongolia,1,val
20230529T085640_002039_CM,China & Mongolia,1,val
20230529T115740_000258_ME,North Africa & Middle East,1,train
20230529T115740_000259_ME,North Africa & Middle East,1,train
20230529T115740_002036_ME,North Africa & Middle East,1,train
20230530T063504_002086_CM,China & Mongolia,1,val
20230530T093728_000260_ME,North Africa & Middle East,1,train
20230530T094018_002083_ST,Stans,1,train
20230530T094018_002084_ST,Stans,1,train
20230530T185754_000254_AM,North America,1,train
20230531T102316_000310_ME,North Africa & Middle East,1,train
20230531T102439_000311_ME,North Africa & Middle East,1,train
20230601T093623_000314_ME,North Africa & Middle East,1,train
20230601T093903_002216_ST,Stans,16,train
20230602T071917_000321_CM,China & Mongolia,1,val
20230602T084726_002286_ME,North Africa & Middle East,1,train
20230602T084726_002287_ME,North Africa & Middle East,1,train
20230603T075914_000262_ME,North Africa & Middle East,1,train
20230603T075926_000263_ME,North Africa & Middle East,1,train
20230603T080204_002410_ST,Stans,1,train
20230603T080327_000264_ST,Stans,1,train
20230603T093209_000306_ME,North Africa & Middle East,4,train
20230603T093209_000307_ME,North Africa & Middle East,1,train
20230603T093209_000308_ME,North Africa & Middle East,1,train
20230604T070641_000233_ME,North Africa & Middle East,4,train
20230604T180205_000218_AM,North America,1,train
20230604T180205_000219_AM,North America,1,train
20230604T180217_000220_AM,North America,1,train
20230604T180229_000221_AM,North America,1,train
20230605T080026_000223_ST,Stans,6,train
20230605T080026_000226_ST,Stans,4,train
20230605T080026_000227_ST,Stans,1,train
20230605T080026_000228_ST,Stans,1,train
20230605T080026_000229_ST,Stans,1,train
20230605T080026_000230_ST,Stans,1,train
20230606T053448_002436_AS,SE Asia,1,test
20230606T053523_000936_AS,SE Asia,1,test
20230606T070919_002437_ME,North Africa & Middle East,1,train
20230606T085011_002433_ST,Stans,1,train
20230606T101459_000938_ME,North Africa & Middle East,1,train
20230607T062035_002452_ME,North Africa & Middle East,1,train
20230607T062035_002454_ME,North Africa & Middle East,1,train
20230607T062333_002455_ST,Stans,8,train
20230607T062333_002456_ST,Stans,16,train
20230607T062333_002457_ST,Stans,1,train
20230607T062333_002458_ST,Stans,1,train
20230607T062333_002459_ST,Stans,1,train
20230607T062333_002460_ST,Stans,1,train
20230607T062333_002461_ST,Stans,4,train
20230607T062333_002462_ST,Stans,4,train
20230607T062333_002463_ST,Stans,30,train
20230607T062333_002464_ST,Stans,4,train
20230607T062333_002465_ST,Stans,4,train
20230607T062333_002466_ST,Stans,16,train
20230607T062333_002467_ST,Stans,4,train
20230607T062432_002470_ST,Stans,1,train
20230607T080031_002471_ST,Stans,1,train
20230607T092629_000935_ME,North Africa & Middle East,1,train
20230607T092641_000939_ME,North Africa & Middle East,1,train
20230607T092641_000940_ME,North Africa & Middle East,1,train
20230608T053135_000357_ME,North Africa & Middle East,1,train
20230608T053135_000358_ME,North Africa & Middle East,1,train
20230608T162322_000331_AM,North America,1,train
20230608T162322_000332_AM,North America,1,train
20230608T162322_000333_AM,North America,1,train
20230608T162322_000334_AM,North America,1,train
20230608T162322_000335_AM,North America,1,train
20230608T162322_000337_AM,North America,1,train
20230608T162322_000338_AM,North America,1,train
20230608T162334_000339_AM,North America,4,train
20230608T162334_000341_AM,North America,1,train
20230608T162334_000342_AM,North America,1,train
20230608T162334_000343_AM,North America,1,train
20230608T162334_000344_AM,North America,1,train
20230608T162334_000345_AM,North America,1,train
20230608T162346_000346_AM,North America,1,train
20230608T162346_000350_AM,North America,4,train
20230608T162346_000351_AM,North America,1,train
20230608T162346_000353_AM,North America,1,train
20230608T162346_000355_AM,North America,1,train
20230609T045106_000937_CM,China & Mongolia,1,val
20230609T075016_000934_ME,North Africa & Middle East,1,train
20230609T171010_000953_AM,North America,1,train
20230609T171133_000933_AM,North America,1,train
20230610T035759_000952_CM,China & Mongolia,1,val
20230610T053019_000941_ME,North Africa & Middle East,16,train
20230610T053019_000942_ME,North Africa & Middle East,1,train
20230610T053019_000943_ME,North Africa & Middle East,1,train
20230610T053019_000944_ME,North Africa & Middle East,4,train
20230610T053019_000945_ME,North Africa & Middle East,1,train
20230610T053019_000946_ME,North Africa & Middle East,4,train
20230610T053019_000947_ME,North Africa & Middle East,1,train
20230610T053019_000948_ME,North Africa & Middle East,1,train
20230610T053019_000949_ME,North Africa & Middle East,1,train
20230610T162155_000932_AM,North America,1,train
20230611T044427_000950_ST,Stans,1,train
20230611T044526_000951_ST,Stans,1,train
20230611T061638_000954_ME,North Africa & Middle East,1,train
20230612T022418_000328_CM,China & Mongolia,4,val
20230612T053253_000327_ST,Stans,1,train
20230612T162103_000319_AM,North America,16,train
20230612T162103_000320_AM,North America,1,train
20230613T044314_000035_ST,Stans,1,train
20230613T111348_000024_ST,Stans,1,train
20230613T111348_000025_ST,Stans,1,train
20230613T111348_000026_ST,Stans,1,train
20230613T111348_000027_ST,Stans,1,train
20230613T111348_000028_ST,Stans,1,train
20230613T111348_000029_ST,Stans,1,train
20230613T111348_000030_ST,Stans,1,train
20230613T111348_000032_ST,Stans,1,train
20230613T111348_000033_ST,Stans,1,train
20230614T102403_000043_ST,Stans,1,train
20230614T102403_000045_ST,Stans,1,train
20230614T102415_000044_ST,Stans,1,train
20230614T102415_000046_ST,Stans,1,train
20230614T102415_000047_ST,Stans,1,train
20230614T102415_000048_ST,Stans,1,train
20230614T102439_000049_ST,Stans,1,train
20230614T102451_000050_ST,Stans,1,train
20230614T102451_000051_ST,Stans,1,train
20230614T102451_000052_ST,Stans,1,train
20230614T193706_000038_AM,North America,1,train
20230616T115949_001030_ME,North Africa & Middle East,1,train
20230616T211343_001019_AM,North America,1,train
20230616T211419_001022_AM,North America,1,train
20230616T211419_001023_AM,North America,1,train
20230616T211419_001024_AM,North America,1,train
20230616T211419_001026_AM,North America,1,train
20230616T211419_001062_AM,North America,1,train
20230616T211419_001063_AM,North America,1,train
20230616T211431_001027_AM,North America,1,train
20230616T211431_001028_AM,North America,1,train
20230616T211431_001029_AM,North America,1,train
20230617T110003_001103_EU,Europe,1,train
20230619T080347_001158_AS,SE Asia,1,test
20230619T110748_001110_ME,North Africa & Middle East,1,train
20230620T084414_000003_ST,Stans,1,train
20230620T084414_000004_ST,Stans,1,train
20230620T084414_000005_ST,Stans,1,train
20230620T084414_000006_ST,Stans,1,train
20230620T084414_000007_ST,Stans,1,train
20230620T084414_000008_ST,Stans,1,train
20230620T084414_000010_ST,Stans,1,train
20230620T084414_000011_ST,Stans,1,train
20230620T084414_000012_ST,Stans,1,train
20230620T084414_000013_ST,Stans,1,train
20230620T084414_000014_ST,Stans,1,train
20230620T084414_000015_ST,Stans,1,train
20230620T084414_000016_ST,Stans,1,train
20230620T084414_000018_ST,Stans,1,train
20230620T084414_000019_ST,Stans,1,train
20230620T084414_000020_ST,Stans,1,train
20230620T084414_000022_ST,Stans,1,train
20230620T084426_000000_ST,Stans,16,train
20230620T084426_000001_ST,Stans,16,train
20230620T084426_000002_ST,Stans,1,train
20230620T084426_000017_ST,Stans,1,train
20230622T115037_000171_ME,North Africa & Middle East,1,train
20230622T193201_000323_AM,North America,1,train
20230622T193213_000325_AM,North America,1,train
20230624T052900_000179_ST,Stans,1,train
20230624T053036_000180_ST,Stans,1,train
20230625T031355_000215_CM,China & Mongolia,1,val
20230625T031355_000216_CM,China & Mongolia,1,val
20230625T061649_000174_ST,Stans,1,train
20230625T061649_000175_ST,Stans,1,train
20230625T061649_000176_ST,Stans,1,train
20230625T061846_000177_ST,Stans,1,train
20230625T061846_000178_ST,Stans,1,train
20230625T075248_000172_EU,Europe,1,train
20230625T075248_000173_EU,Europe,1,train
20230626T084004_000169_ME,North Africa & Middle East,1,train
20230626T101232_000144_ME,North Africa & Middle East,1,train
20230626T101232_000145_ME,North Africa & Middle East,1,train
20230626T101232_000146_ME,North Africa & Middle East,1,train
20230626T101232_000147_ME,North Africa & Middle East,1,train
20230626T101343_000150_ME,North Africa & Middle East,1,train
20230627T030822_000060_CM,China & Mongolia,4,val
20230627T044231_000056_ST,Stans,1,train
20230627T075201_000053_ME,North Africa & Middle East,1,train
20230627T075201_000054_ME,North Africa & Middle East,1,train
20230627T075201_000055_ME,North Africa & Middle East,1,train
20230628T052939_000077_ST,Stans,1,train
20230628T053236_000078_AS,SE Asia,1,test
20230628T053236_000080_AS,SE Asia,16,test
20230628T053324_000081_AS,SE Asia,1,test
20230628T161924_000066_AM,North America,1,train
20230629T013453_000138_CM,China & Mongolia,1,val
20230629T013453_000139_CM,China & Mongolia,1,val
20230629T013453_000140_CM,China & Mongolia,1,val
20230629T013453_000141_CM,China & Mongolia,4,val
20230629T013516_000142_CM,China & Mongolia,1,val
20230629T013516_000143_CM,China & Mongolia,1,val
20230629T044014_000112_ST,Stans,3,train
20230629T044050_000113_ST,Stans,1,train
20230629T044050_000114_ST,Stans,1,train
20230629T044050_000134_ST,Stans,1,train
20230629T044101_000133_ST,Stans,1,train
20230629T061416_000096_EU,Europe,1,train
20230629T061503_000097_ME,North Africa & Middle East,1,train
20230629T061626_000098_ME,North Africa & Middle East,4,train
20230629T061626_000099_ME,North Africa & Middle East,1,train
20230629T061626_001034_ME,North Africa & Middle East,16,train
20230629T061638_000100_ME,North Africa & Middle East,1,train
20230629T061638_001031_ME,North Africa & Middle East,1,train
20230629T061638_001032_ME,North Africa & Middle East,1,train
20230629T061650_000101_ME,North Africa & Middle East,16,train
20230629T061650_000102_ME,North Africa & Middle East,1,train
20230629T061650_000105_ME,North Africa & Middle East,4,train
20230629T061650_000106_ME,North Africa & Middle East,1,train
20230629T061650_001033_ME,North Africa & Middle East,1,train
20230629T061650_001035_ME,North Africa & Middle East,1,train
20230629T061727_000107_ME,North Africa & Middle East,1,train
20230629T061850_000110_ME,North Africa & Middle East,4,train
20230629T154042_000089_SA,South America & South Africa,1,test
20230630T070649_000065_ME,North Africa & Middle East,1,train
20230630T102358_000161_SA,South America & South Africa,1,test
20230630T161728_000153_AM,North America,1,train
20230723T173639_001509_SA,South America & South Africa,1,test
20230725T100532_001582_AS,SE Asia,1,test
20230725T113904_001576_ME,North Africa & Middle East,1,train
20230725T113927_001577_ME,North Africa & Middle East,1,train
20230725T113927_001578_ME,North Africa & Middle East,1,train
20230726T105355_001612_ST,Stans,1,train
20230726T105355_001613_ST,Stans,1,train
20230726T105355_001614_ST,Stans,1,train
20230726T105454_001616_ST,Stans,1,train
20230726T135714_001604_ME,North Africa & Middle East,1,train
20230728T105313_001636_ST,Stans,1,train
20230728T105313_001637_ST,Stans,1,train
20230728T105313_001639_ST,Stans,4,train
20230728T105313_001640_ST,Stans,1,train
20230728T105313_001641_ST,Stans,4,train
20230729T100252_000289_ME,North Africa & Middle East,1,train
20230729T100252_000290_ME,North Africa & Middle East,1,train
20230729T100252_000292_ME,North Africa & Middle East,1,train
20230729T100252_000293_ME,North Africa & Middle East,1,train
20230729T100630_000234_ST,Stans,1,train
20230729T100630_000294_ST,Stans,1,train
20230729T100630_000298_ST,Stans,1,train
20230729T130854_000280_ME,North Africa & Middle East,1,train
20230729T131041_000278_EU,Europe,1,train
20230729T205342_000275_AM,North America,1,train
20230730T091451_000374_ME,North Africa & Middle East,1,train
20230730T104800_000373_ME,North Africa & Middle East,1,train
20230730T122047_000364_ME,North Africa & Middle East,1,train
20230730T122047_000368_ME,North Africa & Middle East,1,train
20230731T065804_000415_CM,China & Mongolia,1,val
20230731T130706_000407_ME,North Africa & Middle East,1,train
20230731T130804_001735_ME,North Africa & Middle East,1,train
20230731T191810_000405_AM,North America,1,train
20230731T191810_000406_AM,North America,1,train
20230731T191822_000404_AM,North America,1,train
20230731T191834_000399_AM,North America,1,train
20230731T191834_000400_AM,North America,1,train
20230731T191834_000401_AM,North America,1,train
20230731T191834_000403_AM,North America,1,train
20230731T191846_000394_AM,North America,1,train
20230731T191846_000395_AM,North America,1,train
20230731T191846_000396_AM,North America,1,train
20230731T191846_000398_AM,North America,1,train
20230801T091636_000433_ST,Stans,4,train
20230801T091636_000434_ST,Stans,1,train
20230801T091636_000436_ST,Stans,1,train
20230801T091636_000438_ST,Stans,16,train
20230801T091648_000439_ST,Stans,7,train
20230801T091648_000440_ST,Stans,16,train
20230801T091648_000441_ST,Stans,4,train
20230801T091648_000442_ST,Stans,16,train
20230802T082547_000454_ME,North Africa & Middle East,4,train
20230802T082547_000455_ME,North Africa & Middle East,4,train
20230802T082610_000456_ME,North Africa & Middle East,4,train
20230802T082610_000457_ME,North Africa & Middle East,1,train
20230802T082610_001738_ME,North Africa & Middle East,4,train
20230802T082953_000458_ST,Stans,1,train
20230802T113411_000451_EU,Europe,1,train
20230803T092103_000480_ST,Stans,1,train
20230803T104831_000466_EU,Europe,1,train
20230804T052223_000977_CM,China & Mongolia,1,val
20230804T082559_000972_ME,North Africa & Middle East,1,train
20230804T082948_000973_ST,Stans,1,train
20230804T113111_000969_ME,North Africa & Middle East,1,train
20230804T174129_000965_AM,North America,1,train
20230804T174141_000963_AM,North America,1,train
20230804T174141_000964_AM,North America,1,train
20230804T174141_000966_AM,North America,1,train
20230805T060827_000999_CM,China & Mongolia,1,val
20230805T073838_000995_ME,North Africa & Middle East,1,train
20230805T073838_000996_ME,North Africa & Middle East,1,train
20230805T074037_000997_ST,Stans,1,train
20230805T090852_000985_ME,North Africa & Middle East,1,train
20230805T090904_000986_ME,North Africa & Middle East,1,train
20230805T090915_000988_ME,North Africa & Middle East,1,train
20230806T034659_001088_CM,China & Mongolia,1,val
20230806T034659_001089_CM,China & Mongolia,1,val
20230806T034803_001092_CM,China & Mongolia,1,val
20230806T065231_001081_ST,Stans,1,train
20230807T073511_001100_ME,North Africa & Middle East,1,train
20230807T073511_001178_ME,North Africa & Middle East,1,train
20230807T073622_001205_ME,North Africa & Middle East,1,train
20230807T090655_001097_ME,North Africa & Middle East,1,train
20230807T090655_001098_ME,North Africa & Middle East,1,train
20230809T043025_001378_CM,China & Mongolia,8,val
20230809T060151_001371_ME,North Africa & Middle East,35,train
20230809T060349_001372_ST,Stans,1,train
20230809T073200_001342_ME,North Africa & Middle East,1,train
20230809T073200_001344_ME,North Africa & Middle East,1,train
20230809T073212_001345_ME,North Africa & Middle East,1,train
20230809T165040_001305_AM,North America,1,train
20230810T051516_001384_ST,Stans,1,train
20230810T051528_001407_ST,Stans,1,train
20230810T051552_001410_ST,Stans,1,train
20230810T051552_001411_ST,Stans,1,train
20230810T065140_001399_ST,Stans,1,train
20230814T065712_001504_ST,Stans,1,train
20230814T100720_001443_EU,Europe,1,train
20230814T100819_001437_ST,Stans,1,train
20230814T101018_001458_ST,Stans,1,train
20230814T101106_001476_ST,Stans,1,train
20230814T101117_001483_ST,Stans,1,train
20230814T101117_001484_ST,Stans,1,train
20230814T101117_001485_ST,Stans,1,train
20230814T101129_001486_ST,Stans,1,train
20230814T101129_001488_ST,Stans,1,train
20230814T145126_001439_ME,North Africa & Middle East,1,train
20230814T145225_001440_ME,North Africa & Middle East,1,train
20230815T092026_001177_ST,Stans,1,train
20230816T101038_001545_ST,Stans,4,train
20230816T101050_001546_ST,Stans,1,train
20230816T101050_001547_ST,Stans,4,train
20230816T101050_001548_ST,Stans,4,train
20230816T101050_001549_ST,Stans,1,train
20230816T101050_001551_ST,Stans,16,train
20230816T114856_001543_ME,North Africa & Middle East,4,train
20230816T131716_001541_EU,Europe,1,train
20230817T092416_001189_ST,Stans,1,train
20230817T092416_001190_ST,Stans,1,train
20230817T105803_001183_ME,North Africa & Middle East,1,train
20230817T105803_001184_ME,North Africa & Middle East,1,train
20230817T105803_001185_ME,North Africa & Middle East,1,train
20230817T105803_001186_ME,North Africa & Middle East,1,train
20230817T105803_001187_ME,North Africa & Middle East,1,train
20230817T201510_001181_AM,North America,1,train
20230818T210019_001125_AM,North America,1,train
20230819T122933_001928_EU,Europe,1,train
20230820T052822_002901_CM,China & Mongolia,1,val
20230820T101414_002597_ME,North Africa & Middle East,4,train
20230820T114234_002232_EU,Europe,1,train
20230820T114234_002233_EU,Europe,1,train
20230820T192843_001073_AM,North America,1,train
20230820T192855_002230_AM,North America,1,train
20230820T192855_002231_AM,North America,1,train
20230821T092516_002904_ME,North Africa & Middle East,1,train
20230821T184129_002902_AM,North America,1,train
20230821T184129_002903_AM,North America,1,train
20230822T070014_002911_ST,Stans,1,train
20230822T101103_002910_ME,North Africa & Middle East,1,train
20230822T175229_002905_AM,North America,4,train
20230822T192519_002906_AM,North America,1,train
20230822T192531_002907_AM,North America,1,train
20230823T091747_001009_EU,Europe,4,train
20230823T091747_001010_EU,Europe,4,train
20230823T092349_001011_ME,North Africa & Middle East,1,train
20230823T105629_001006_ME,North Africa & Middle East,1,train
20230823T170609_001002_AM,North America,1,train
20230824T070037_001061_ST,Stans,4,train
20230824T070049_001057_ST,Stans,16,train
20230824T070049_001058_ST,Stans,16,train
20230824T070049_001059_ST,Stans,1,train
20230824T070049_001193_ST,Stans,16,train
20230824T070101_001048_ST,Stans,1,train
20230824T070101_001049_ST,Stans,1,train
20230824T070101_001050_ST,Stans,4,train
20230824T070101_001051_ST,Stans,1,train
20230824T070101_001052_ST,Stans,16,train
20230824T070101_001053_ST,Stans,4,train
20230824T083907_001045_ME,North Africa & Middle East,1,train
20230824T083931_001044_ME,North Africa & Middle East,4,train
20230824T175337_001036_AM,North America,4,train
20230824T175337_001037_AM,North America,1,train
20230824T175337_001038_AM,North America,1,train
20230824T175401_001039_AM,North America,1,train
20230825T061313_001116_ST,Stans,4,train
20230825T074743_001112_EU,Europe,1,train
20230825T075005_001114_ME,North Africa & Middle East,1,train
20230825T075005_001115_ME,North Africa & Middle East,1,train
20230825T170557_001108_AM,North America,1,train
20230825T170609_001109_AM,North America,4,train
20230825T170609_001111_AM,North America,16,train
20230826T052620_001176_ST,Stans,1,train
20230826T052620_002598_ST,Stans,1,train
20230826T083522_001171_ME,North Africa & Middle East,4,train
20230826T083546_001173_ME,North Africa & Middle East,4,train
20230826T083546_001174_ME,North Africa & Middle East,1,train
20230826T100604_001166_ME,North Africa & Middle East,1,train
20230826T100604_001167_ME,North Africa & Middle East,1,train
20230826T100735_001168_ME,North Africa & Middle East,4,train
20230826T100834_001169_ME,North Africa & Middle East,1,train
20230826T100834_001170_ME,North Africa & Middle East,1,train
20230828T070235_001203_ME,North Africa & Middle East,1,train
20230828T070310_001204_ME,North Africa & Middle East,16,train
20230828T083409_001201_ME,North Africa & Middle East,16,train
20230828T083421_001202_ME,North Africa & Middle East,4,train
20230901T035204_002022_AS,SE Asia,1,test
20230903T010049_001659_AU,Australia,1,val
20230908T141043_000225_SA,South America & South Africa,1,test
20230915T042628_001340_AU,Australia,1,val
20230922T144828_001561_ME,North Africa & Middle East,1,train
20230924T114253_001435_ME,North Africa & Middle East,1,train
20230924T114413_001436_ME,North Africa & Middle East,1,train
20230924T205757_001429_AM,North America,1,train
20230925T140134_001553_ME,North Africa & Middle East,1,train
20230925T140134_001554_ME,North Africa & Middle East,1,train
20230925T140134_001555_ME,North Africa & Middle East,1,train
20230925T140134_001556_ME,North Africa & Middle East,1,train
20230925T140134_001557_ME,North Africa & Middle East,1,train
20230925T140134_001558_ME,North Africa & Middle East,1,train
20230926T114119_001752_ME,North Africa & Middle East,1,train
20230926T114119_001753_ME,North Africa & Middle East,1,train
20230926T114131_001754_ME,North Africa & Middle East,1,train
20230926T114143_001755_ME,North Africa & Middle East,1,train
20230926T114317_001764_EU,Europe,4,train
20230926T114317_001765_EU,Europe,1,train
20230927T201114_001782_AM,North America,1,train
20230928T083655_001709_CM,China & Mongolia,1,val
20230928T100133_001702_ME,North Africa & Middle East,1,train
20230928T101011_001705_ST,Stans,1,train
20230928T114538_001694_EU,Europe,1,train
20230929T074459_001712_AS,SE Asia,1,test
20230929T122534_001683_ME,North Africa & Middle East,1,train
20230929T122534_001686_ME,North Africa & Middle East,1,train
20230929T122534_001687_ME,North Africa & Middle East,1,train
20230930T100531_001696_ME,North Africa & Middle East,1,train
20230930T100543_001698_ME,North Africa & Middle East,4,train
20230930T113706_001688_ME,North Africa & Middle East,1,train
20230930T113730_001690_ME,North Africa & Middle East,1,train
20231001T074225_001810_ME,North Africa & Middle East,1,train
20231002T082455_001819_SA,South America & South Africa,1,test
20231002T083111_001823_ME,North Africa & Middle East,4,train
20231002T113907_001813_EU,Europe,1,train
20231003T060928_001601_AS,SE Asia,16,test
20231003T074203_001593_ME,North Africa & Middle East,16,train
20231003T074617_001594_ST,Stans,1,train
20231003T074641_001595_ST,Stans,1,train
20231003T074704_001596_ST,Stans,5,train
20231003T074704_001597_ST,Stans,1,train
20231003T074704_001598_ST,Stans,1,train
20231003T074716_001599_ST,Stans,1,train
20231003T074752_001600_ST,Stans,1,train
20231003T091635_001591_ME,North Africa & Middle East,1,train
20231004T083136_001623_ME,North Africa & Middle East,4,train
20231004T083136_001624_ME,North Africa & Middle East,1,train
20231004T083136_001625_ME,North Africa & Middle East,1,train
20231004T174732_001454_AM,North America,1,train
20231004T174744_001447_AM,North America,1,train
20231004T174744_001448_AM,North America,1,train
20231004T174744_001449_AM,North America,1,train
20231004T174744_001450_AM,North America,1,train
20231004T174744_001451_AM,North America,1,train
20231004T174744_001452_AM,North America,1,train
20231004T174744_001453_AM,North America,1,train
20231005T060719_001574_ME,North Africa & Middle East,1,train
20231005T092154_001572_EU,Europe,1,train
20231006T052152_002599_AS,SE Asia,1,test
20231006T065521_001587_ME,North Africa & Middle East,16,train
20231006T065545_001588_ME,North Africa & Middle East,1,train
20231006T065557_001589_ME,North Africa & Middle East,1,train
20231006T065557_001590_ME,North Africa & Middle East,1,train
20231006T082735_001586_ME,North Africa & Middle East,16,train
20231006T100206_001579_ME,North Africa & Middle East,1,train
20231006T100206_001580_ME,North Africa & Middle East,1,train
20231006T100206_001581_ME,North Africa & Middle East,1,train
20231006T100206_001583_ME,North Africa & Middle East,1,train
20231006T100206_001584_ME,North Africa & Middle East,1,train
20231007T091407_002682_ME,North Africa & Middle East,1,train
20231008T051536_001631_ME,North Africa & Middle East,4,train
20231008T051536_001633_ME,North Africa & Middle East,16,train
20231008T051548_001634_ME,North Africa & Middle East,1,train
20231008T052616_001635_CM,China & Mongolia,1,val
20231008T100218_001628_EU,Europe,1,train
20231008T161115_001520_AM,North America,1,train
20231008T161115_001522_AM,North America,1,train
20231008T161127_001524_AM,North America,1,train
20231008T161127_001525_AM,North America,1,train
20231008T161127_001526_AM,North America,1,train
20231008T161127_001527_AM,North America,1,train
20231008T161127_001528_AM,North America,1,train
20231008T161127_001529_AM,North America,1,train
20231008T161127_001530_AM,North America,1,train
20231008T161127_001531_AM,North America,1,train
20231008T161127_001532_AM,North America,1,train
20231008T161127_001534_AM,North America,1,train
20231008T174613_001620_AM,North America,16,train
20231009T043059_001646_ME,North Africa & Middle East,1,train
20231009T060956_002600_ST,Stans,1,train
20231009T060956_002601_ST,Stans,4,train
20231009T060956_002602_ST,Stans,1,train
20231009T060956_002603_ST,Stans,4,train
20231009T060956_002604_ST,Stans,1,train
20231009T060956_002605_ST,Stans,1,train
20231009T060956_002606_ST,Stans,1,train
20231009T060956_002607_ST,Stans,36,train
20231009T060956_002608_ST,Stans,1,train
20231009T091423_001643_EU,Europe,1,train
20231009T170025_001638_AM,North America,4,train
20231010T021646_001652_CM,China & Mongolia,1,val
20231010T051848_001647_ME,North Africa & Middle East,1,train
20231010T051900_001648_ME,North Africa & Middle East,4,train
20231010T051923_001649_ME,North Africa & Middle East,1,train
20231010T051923_001650_ME,North Africa & Middle East,4,train
20231010T051923_001651_ME,North Africa & Middle East,1,train
20231011T013158_001763_CM,China & Mongolia,1,val
20231011T043557_001756_ST,Stans,1,train
20231013T110035_001654_EU,Europe,4,train
20231013T110035_001655_EU,Europe,1,train
20231014T101554_001715_ST,Stans,1,train
20231014T101606_001720_ST,Stans,1,train
20231014T101606_001721_ST,Stans,1,train
20231015T075558_001730_CM,China & Mongolia,1,val
20231015T075558_001731_CM,China & Mongolia,1,val
20231015T092458_001729_ST,Stans,1,train
20231016T101018_001733_EU,Europe,1,train
20231016T114853_001732_ME,North Africa & Middle East,4,train
20231018T101446_002612_ME,North Africa & Middle East,4,train
20231019T110439_001668_ME,North Africa & Middle East,4,train
20231020T052729_001671_CM,China & Mongolia,4,val
20231020T052752_001672_CM,China & Mongolia,1,val
20231023T030900_001847_CM,China & Mongolia,1,val
20231023T075004_001844_ME,North Africa & Middle East,16,train
20231023T092142_001842_EU,Europe,1,train
20231024T070157_001860_ST,Stans,16,train
20231024T070209_001861_ST,Stans,16,train
20231024T100947_001857_ME,North Africa & Middle East,1,train
20231025T061531_001867_ST,Stans,16,train
20231025T061531_001868_ST,Stans,1,train
20231025T061531_001869_ST,Stans,1,train
20231025T061531_001870_ST,Stans,1,train
20231025T061531_001871_ST,Stans,1,train
20231025T170354_001865_AM,North America,1,train
20231025T170406_001866_AM,North America,1,train
20231026T022145_001879_CM,China & Mongolia,1,val
20231026T052647_001876_ST,Stans,1,train
20231026T052735_001878_ST,Stans,1,train
20231026T070106_001875_EU,Europe,1,train
20231026T083653_001873_ME,North Africa & Middle East,1,train
20231026T083653_001874_ME,North Africa & Middle East,1,train
20231027T061434_001888_ME,North Africa & Middle East,1,train
20231027T061434_001889_ME,North Africa & Middle East,4,train
20231027T153239_001882_AM,North America,1,train
20231027T170714_001885_AM,North America,1,train
20231028T070104_001904_ME,North Africa & Middle East,1,train
20231028T070116_001903_ME,North Africa & Middle East,1,train
20231028T083416_001902_ME,North Africa & Middle East,4,train
20231028T161900_001892_AM,North America,1,train
20231028T161900_001893_AM,North America,1,train
20231028T161900_001894_AM,North America,1,train
20231028T161900_001897_AM,North America,1,train
20231029T031032_001939_AS,SE Asia,1,test
20231029T061539_001938_ME,North Africa & Middle East,4,train
20231030T035533_001942_AS,SE Asia,1,test
20231030T035545_001941_AS,SE Asia,1,test
20231030T035545_001943_AS,SE Asia,1,test
20231101T083438_001927_ME,North Africa & Middle East,1,train
20231105T150054_001913_SA,South America & South Africa,4,test
20231107T005349_001918_AU,Australia,1,val
20231121T122543_001952_ME,North Africa & Middle East,1,train
20231124T142642_001959_SA,South America & South Africa,21,test
20231125T092220_001970_AS,SE Asia,1,test
20231125T105540_001965_ME,North Africa & Middle East,1,train
20231125T105540_001966_ME,North Africa & Middle East,4,train
20231125T105540_001967_ME,North Africa & Middle East,1,train
20231127T091946_001976_ME,North Africa & Middle East,1,train
20231127T140054_001975_ME,North Africa & Middle East,1,train
20231128T234458_001979_AU,Australia,1,val
20231129T092012_001980_ME,North Africa & Middle East,4,train
20231129T092012_001981_ME,North Africa & Middle East,4,train
20231129T092024_001982_ME,North Africa & Middle East,4,train
20231130T083154_001988_ME,North Africa & Middle East,1,train
20231130T100525_001984_ME,North Africa & Middle East,1,train
20231130T100736_001987_ME,North Africa & Middle East,1,train
20231130T113800_001983_ME,North Africa & Middle East,16,train
20231130T220644_001993_AU,Australia,16,val
20231201T074307_002001_ME,North Africa & Middle East,4,train
20231201T183525_001999_AM,North America,1,train
20231201T183549_001994_AM,North America,16,train
20231201T183549_001995_AM,North America,1,train
20231201T183549_001996_AM,North America,1,train
20231201T183549_001997_AM,North America,1,train
20231201T183601_001998_AM,North America,1,train
20231202T083256_002088_ME,North Africa & Middle East,16,train
20231202T083339_002098_ST,Stans,4,train
20231202T083339_002099_ST,Stans,1,train
20231202T083339_002100_ST,Stans,1,train
20231202T083339_002101_ST,Stans,1,train
20231202T083351_002012_ST,Stans,4,train
20231202T083351_002089_ST,Stans,1,train
20231202T083351_002090_ST,Stans,1,train
20231202T083351_002091_ST,Stans,1,train
20231202T083351_002092_ST,Stans,1,train
20231202T083351_002094_ST,Stans,1,train
20231202T083351_002095_ST,Stans,1,train
20231202T083351_002096_ST,Stans,4,train
20231202T083351_002097_ST,Stans,4,train
20231204T083032_002016_ME,North Africa & Middle East,1,train
20231204T100051_002013_ME,North Africa & Middle East,1,train
20231204T100051_002014_ME,North Africa & Middle East,1,train
20231204T100051_002015_ME,North Africa & Middle East,4,train
20231204T174618_002010_AM,North America,1,train
20231205T060547_002130_ME,North Africa & Middle East,1,train
20231205T060547_002131_ME,North Africa & Middle East,1,train
20231205T074338_002150_EU,Europe,1,train
20231205T165825_002138_AM,North America,1,train
20231205T165825_002139_AM,North America,1,train
20231205T165825_002140_AM,North America,1,train
20231205T165825_002141_AM,North America,1,train
20231205T165825_002142_AM,North America,1,train
20231205T165825_002144_AM,North America,1,train
20231205T165825_002146_AM,North America,1,train
20231205T165837_002145_AM,North America,1,train
20231206T082558_002180_ME,North Africa & Middle East,1,train
20231206T082610_002181_ME,North Africa & Middle East,1,train
20231217T092625_002159_AS,SE Asia,1,test
20231217T123027_002154_ME,North Africa & Middle East,1,train
20231217T201338_002751_AM,North America,1,train
20231217T201338_002752_AM,North America,1,train
20231220T083556_002753_AS,SE Asia,1,test
20231222T035001_002224_CM,China & Mongolia,1,val
20231222T035001_002225_CM,China & Mongolia,4,val
20231223T092103_002205_ME,North Africa & Middle East,4,train
20231223T123006_002161_SA,South America & South Africa,1,test
20231224T065746_002283_AS,SE Asia,1,test
20231224T065746_002284_AS,SE Asia,1,test
20231224T174533_002249_AM,North America,1,train
20231224T174533_002250_AM,North America,1,train
20231224T174533_002255_AM,North America,1,train
20231224T174533_002259_AM,North America,1,train
20231224T174533_002266_AM,North America,1,train
20231224T174533_002267_AM,North America,1,train
20231224T174533_002613_AM,North America,1,train
20231224T174545_002261_AM,North America,1,train
20231224T174545_002264_AM,North America,1,train
20231225T043707_002351_AS,SE Asia,16,test
20231226T065426_002301_ME,North Africa & Middle East,1,train
20231226T065450_002302_ME,North Africa & Middle East,1,train
20231226T065514_002303_ME,North Africa & Middle East,1,train
20231226T082757_002298_ME,North Africa & Middle East,16,train
20231226T082757_002299_ME,North Africa & Middle East,4,train
20231226T180707_002296_SA,South America & South Africa,16,test
20240105T145150_002313_SA,South America & South Africa,1,test
20240109T131423_002417_SA,South America & South Africa,4,test
20240112T185917_002429_SA,South America & South Africa,6,test
20240120T154941_002576_SA,South America & South Africa,6,test
20240122T154754_002618_SA,South America & South Africa,1,test
20240125T090838_002235_AS,SE Asia,1,test
20240126T130103_002614_ME,North Africa & Middle East,1,train
20240127T195904_002474_AM,North America,9,train
20240127T195904_002475_AM,North America,1,train
20240127T195904_002477_AM,North America,1,train
20240127T195915_002240_AM,North America,1,train
20240127T195915_002473_AM,North America,1,train
20240128T191103_002485_AM,North America,1,train
20240128T191103_002486_AM,North America,1,train
20240128T191115_002483_AM,North America,1,train
20240129T042245_002569_AS,SE Asia,1,test
20240129T090750_002564_ME,North Africa & Middle East,1,train
20240129T090750_002565_ME,North Africa & Middle East,1,train
20240129T090750_002567_ME,North Africa & Middle East,1,train
20240129T090750_002568_ME,North Africa & Middle East,1,train
20240129T150516_002559_SA,South America & South Africa,1,test
20240129T182622_002551_AM,North America,1,train
20240129T195857_002555_AM,North America,1,train
20240129T195956_002554_AM,North America,1,train
20240130T051728_002499_CM,China & Mongolia,1,val
20240130T051728_002500_CM,China & Mongolia,1,val
20240130T051752_002504_CM,China & Mongolia,16,val
20240130T051816_002507_CM,China & Mongolia,1,val
20240130T051816_002508_CM,China & Mongolia,1,val
20240130T051816_002511_CM,China & Mongolia,1,val
20240130T051816_002514_CM,China & Mongolia,1,val
20240130T112610_002547_ME,North Africa & Middle East,1,train
20240130T123634_002541_SA,South America & South Africa,1,test
20240130T173950_002540_AM,North America,1,train
20240131T090823_002535_ME,North Africa & Middle East,1,train
20240131T182459_002534_AM,North America,1,train
20240201T082310_002630_ST,Stans,1,train
20240201T082310_002631_ST,Stans,1,train
20240201T082310_002632_ST,Stans,1,train
20240201T082418_002633_ST,Stans,4,train
20240201T142458_002629_SA,South America & South Africa,1,test
20240202T165156_002642_AM,North America,1,train
20240202T165156_002643_AM,North America,4,train
20240202T165156_002644_AM,North America,4,train
20240203T095138_002572_ME,North Africa & Middle East,4,train
20240203T095138_002573_ME,North Africa & Middle East,4,train
20240203T095138_002574_ME,North Africa & Middle East,16,train
20240203T095138_002575_ME,North Africa & Middle East,4,train
20240205T051601_002616_CM,China & Mongolia,16,val
20240205T051613_002615_CM,China & Mongolia,1,val
20240212T214820_002702_AM,North America,1,train
20240212T214820_002704_AM,North America,1,train
20240212T214820_002705_AM,North America,1,train
20240212T214832_002706_AM,North America,1,train
20240212T214843_002709_AM,North America,16,train
20240213T114518_002722_ME,North Africa & Middle East,4,train
20240214T092053_002691_ST,Stans,1,train
20240214T092117_002694_ST,Stans,4,train
20240214T105658_002688_ME,North Africa & Middle East,1,train
20240214T105658_002689_ME,North Africa & Middle East,1,train
20240214T105733_002690_ME,North Africa & Middle East,16,train
20240215T193425_002735_SA,South America & South Africa,16,test
20240215T193436_002736_SA,South America & South Africa,1,test
20240216T105741_002748_ME,North Africa & Middle East,4,train
20240217T052644_002781_CM,China & Mongolia,1,val
20240217T052707_002783_CM,China & Mongolia,1,val
20240217T052731_002785_CM,China & Mongolia,16,val
20240217T052731_002789_CM,China & Mongolia,1,val
20240217T052731_002790_CM,China & Mongolia,1,val
20240217T100816_002777_ME,North Africa & Middle East,1,train
20240218T122651_002699_ME,North Africa & Middle East,1,train
20240223T161050_002807_AM,North America,1,train
20240224T060941_002818_AS,SE Asia,1,test
20240224T060941_002820_AS,SE Asia,1,test
20240224T061016_002823_AS,SE Asia,16,test
20240224T091458_002815_ME,North Africa & Middle East,1,train
20240224T165801_002812_AM,North America,1,train
20240225T021302_002832_CM,China & Mongolia,1,val
20240225T021302_002845_CM,China & Mongolia,1,val
20240225T021302_002846_CM,China & Mongolia,1,val
20240225T021302_002847_CM,China & Mongolia,4,val
20240225T021314_002833_CM,China & Mongolia,1,val
20240225T021326_002848_CM,China & Mongolia,4,val
20240225T021326_002849_CM,China & Mongolia,4,val
20240225T021326_002850_CM,China & Mongolia,1,val
20240225T021326_002852_CM,China & Mongolia,1,val
20240225T021326_002854_CM,China & Mongolia,1,val
20240225T021326_002856_CM,China & Mongolia,1,val
20240225T021326_002858_CM,China & Mongolia,1,val
20240225T021338_002859_CM,China & Mongolia,4,val
20240225T021349_002863_CM,China & Mongolia,1,val
20240225T021349_002865_CM,China & Mongolia,1,val
20240225T021349_002866_CM,China & Mongolia,1,val
20240225T021349_002867_CM,China & Mongolia,1,val
20240225T021349_002872_CM,China & Mongolia,1,val
20240225T021349_002873_CM,China & Mongolia,1,val
20240225T021349_002874_CM,China & Mongolia,1,val
20240225T021349_002875_CM,China & Mongolia,1,val
20240225T021401_002871_CM,China & Mongolia,4,val
20240225T021401_002877_CM,China & Mongolia,1,val
20240225T021401_002878_CM,China & Mongolia,1,val
20240225T041108_002881_AU,Australia,1,val
20240225T041108_002884_AU,Australia,1,val
20240225T160927_002825_AM,North America,4,train
20240225T160927_002826_AM,North America,1,train
20240226T074044_002763_ME,North Africa & Middle East,1,train
20240226T074056_002764_ME,North Africa & Middle East,1,train
20240226T074143_002765_ME,North Africa & Middle East,1,train
20240226T074353_002767_ME,North Africa & Middle East,1,train
20240226T091316_002761_ME,North Africa & Middle East,4,train
20240226T091316_002762_ME,North Africa & Middle East,1,train
20240226T091415_002759_ME,North Africa & Middle East,1,train
20240226T091415_002760_ME,North Africa & Middle East,1,train
20240226T091427_002756_ME,North Africa & Middle East,1,train
20240226T091427_002757_ME,North Africa & Middle East,1,train
20240226T091427_002758_ME,North Africa & Middle East,1,train
20240226T170104_002754_AM,North America,1,train
20240226T170140_002196_AM,North America,1,train
20240227T065331_002770_ME,North Africa & Middle East,4,train
20240227T180646_002768_SA,South America & South Africa,1,test
20240228T030250_002798_AS,SE Asia,1,test
20240228T043521_002794_AS,SE Asia,4,test
20240228T043557_002797_AS,SE Asia,1,test
20240302T163257_002900_SA,South America & South Africa,1,test
20240303T061034_002885_ME,North Africa & Middle East,4,train
20240305T123325_002889_SA,South America & South Africa,1,test
20240319T191259_002915_SA,South America & South Africa,1,test
20240321T083455_002920_AS,SE Asia,1,test
20240322T214509_002926_AM,North America,1,train
20240326T105614_002997_ME,North Africa & Middle East,1,train
20240326T105701_003001_ST,Stans,4,train
20240326T105701_003002_ST,Stans,1,train
20240326T201023_002993_AM,North America,1,train
20240327T070505_002992_CM,China & Mongolia,1,val
20240327T100708_002935_ME,North Africa & Middle East,1,train
20240327T100708_002936_ME,North Africa & Middle East,1,train
20240327T100708_002937_ME,North Africa & Middle East,1,train
20240327T131334_002934_ME,North Africa & Middle East,1,train
20240328T061714_002966_CM,China & Mongolia,1,val
20240328T061714_002969_CM,China & Mongolia,1,val
20240328T061714_002973_CM,China & Mongolia,1,val
20240328T061714_002974_CM,China & Mongolia,1,val
20240328T061714_002975_CM,China & Mongolia,1,val
20240328T061726_002972_CM,China & Mongolia,1,val
20240328T105328_002959_ME,North Africa & Middle East,1,train
20240328T105436_002962_ME,North Africa & Middle East,1,train
20240328T122508_002956_ME,North Africa & Middle East,1,train
20240328T201048_002954_AM,North America,4,train
20240329T192727_003062_AM,North America,1,train
20240331T113753_003106_ME,North Africa & Middle East,1,train
20240331T113753_003107_ME,North Africa & Middle East,1,train
20240331T113753_003108_ME,North Africa & Middle East,1,train
20240331T113753_003109_ME,North Africa & Middle East,1,train
20240331T113753_003110_ME,North Africa & Middle East,1,train
20240401T091851_003117_ME,North Africa & Middle East,4,train
20240401T091915_003118_ME,North Africa & Middle East,4,train
20240401T091915_003119_ME,North Africa & Middle East,1,train
20240401T091915_003120_ME,North Africa & Middle East,1,train
20240401T091938_003121_EU,Europe,16,train
20240403T074626_002989_ST,Stans,1,train
20240403T165815_002985_AM,North America,1,train
20240404T065336_003004_ME,North Africa & Middle East,4,train
20240404T065751_003003_ST,Stans,1,train
20240404T082837_003005_ME,North Africa & Middle East,4,train
20240404T160851_003006_AM,North America,1,train
20240405T074139_003007_ME,North Africa & Middle East,16,train
20240405T170129_002977_AM,North America,36,train
20240406T051831_003131_ME,North Africa & Middle East,1,train
20240407T152744_003123_AM,North America,1,train
20240408T052206_003013_ST,Stans,1,train
20240408T052206_003014_ST,Stans,1,train
20240408T052254_003015_ST,Stans,4,train
20240409T074435_003022_EU,Europe,10,train
20240413T075328_003129_CM,China & Mongolia,4,val
20240414T145436_003025_ME,North Africa & Middle East,4,train
20240415T062117_003034_CM,China & Mongolia,1,val
20240415T062117_003035_CM,China & Mongolia,1,val
20240415T062129_003037_CM,China & Mongolia,1,val
20240415T062141_003039_CM,China & Mongolia,1,val
20240415T062141_003042_CM,China & Mongolia,1,val
20240415T062141_003043_CM,China & Mongolia,1,val
20240415T062141_003044_CM,China & Mongolia,1,val
20240415T062152_003045_CM,China & Mongolia,1,val
20240415T062152_003046_CM,China & Mongolia,1,val
20240415T062152_003048_CM,China & Mongolia,1,val
20240415T092556_003027_ST,Stans,1,train
20240415T092556_003029_ST,Stans,1,train
20240415T092556_003031_ST,Stans,1,train
20240415T092556_003032_ST,Stans,1,train
20240416T070636_003140_CM,China & Mongolia,1,val
20240416T131651_003132_EU,Europe,1,train
20240416T131651_003133_EU,Europe,1,train
20240416T132003_003520_ME,North Africa & Middle East,1,train
20240417T105931_003184_ME,North Africa & Middle East,1,train
20240418T084009_003521_AS,SE Asia,1,test
20240418T114539_003522_ME,North Africa & Middle East,1,train
20240419T092411_003185_ME,North Africa & Middle East,1,train
20240419T092423_003186_ME,North Africa & Middle East,4,train
20240419T092423_003187_ME,North Africa & Middle East,1,train
20240419T092435_003190_ME,North Africa & Middle East,1,train
20240419T092435_003191_ME,North Africa & Middle East,1,train
20240419T092435_003192_ME,North Africa & Middle East,1,train
20240419T092534_003193_ME,North Africa & Middle East,16,train
20240419T092546_003194_ME,North Africa & Middle East,1,train
20240419T092633_003523_ME,North Africa & Middle East,1,train
20240420T083501_003054_ME,North Africa & Middle East,1,train
20240420T101448_003053_ME,North Africa & Middle East,1,train
20240421T074619_003063_ST,Stans,1,train
20240421T074619_003064_ST,Stans,1,train
20240421T074619_003065_ST,Stans,1,train
20240421T074619_003069_ST,Stans,1,train
20240421T184222_003061_AM,North America,17,train
20240422T065849_003073_ST,Stans,1,train
20240422T065849_003074_ST,Stans,1,train
20240422T161339_003072_AM,North America,1,train
20240422T175102_003071_AM,North America,1,train
20240423T030434_003093_CM,China & Mongolia,1,val
20240423T030434_003094_CM,China & Mongolia,1,val
20240423T030434_003095_CM,China & Mongolia,1,val
20240423T030434_003096_CM,China & Mongolia,1,val
20240423T030446_003097_CM,China & Mongolia,1,val
20240423T030446_003098_CM,China & Mongolia,1,val
20240423T030446_003099_CM,China & Mongolia,1,val
20240423T030446_003103_CM,China & Mongolia,1,val
20240423T060958_003087_ST,Stans,1,train
20240423T060958_003088_ST,Stans,1,train
20240423T060958_003090_ST,Stans,4,train
20240423T060958_003091_ST,Stans,4,train
20240423T074559_003083_ME,North Africa & Middle East,1,train
20240424T065551_003156_ME,North Africa & Middle East,1,train
20240425T060638_003157_ST,Stans,1,train
20240426T021336_003161_CM,China & Mongolia,1,val
20240426T021336_003162_CM,China & Mongolia,1,val
20240426T021348_003163_CM,China & Mongolia,1,val
20240426T021359_003165_CM,China & Mongolia,1,val
20240426T065431_003151_ME,North Africa & Middle East,1,train
20240426T065455_003152_ME,North Africa & Middle East,1,train
20240426T065455_003154_ME,North Africa & Middle East,1,train
20240427T073906_003150_ME,North Africa & Middle East,1,train
20240427T170001_003146_AM,North America,1,train
20240428T161224_003147_AM,North America,1,train
20240429T043310_003158_AS,SE Asia,1,test
20240501T153055_002580_SA,South America & South Africa,1,test
20240501T153055_003142_SA,South America & South Africa,1,test
20240501T153107_003143_SA,South America & South Africa,4,test
20240517T170655_003168_SA,South America & South Africa,4,test
20240522T132049_003172_ME,North Africa & Middle East,1,train
20240523T075552_003174_CM,China & Mongolia,1,val
20240523T075552_003175_CM,China & Mongolia,4,val
20240523T075552_003178_CM,China & Mongolia,1,val
20240523T075604_003180_CM,China & Mongolia,1,val
20240523T075604_003182_CM,China & Mongolia,1,val
20240523T075604_003183_CM,China & Mongolia,1,val
20240524T114612_003200_ST,Stans,1,train
20240524T114624_003199_ST,Stans,1,train
20240524T114624_003201_ST,Stans,1,train
20240526T114627_003167_ST,Stans,1,train
20240530T131829_003208_EU,Europe,4,train
20240606T151017_003236_AM,North America,4,train
20240606T151017_003237_AM,North America,1,train
20240606T151017_003238_AM,North America,1,train
20240606T151017_003239_AM,North America,4,train
20240608T041803_003215_ME,North Africa & Middle East,1,train
20240608T041902_003216_AS,SE Asia,1,test
20240608T122634_003217_ST,Stans,1,train
20240608T122634_003218_ST,Stans,1,train
20240609T050226_003220_ME,North Africa & Middle East,4,train
20240609T050531_003221_ME,North Africa & Middle East,1,train
20240609T050543_003222_ME,North Africa & Middle East,1,train
20240609T050607_003225_ME,North Africa & Middle East,16,train
20240609T050607_003226_ME,North Africa & Middle East,1,train
20240609T142206_003219_AM,North America,4,train
20240610T011426_003234_CM,China & Mongolia,1,val
20240610T041628_003229_ME,North Africa & Middle East,4,train
20240610T041715_003230_ME,North Africa & Middle East,16,train
20240610T041727_003232_ME,North Africa & Middle East,1,train
20240610T041739_003233_ME,North Africa & Middle East,4,train
20240612T105308_003311_AS,SE Asia,1,test
20240612T135823_003244_ME,North Africa & Middle East,1,train
20240615T015805_003243_CM,China & Mongolia,4,val
20240619T050711_003329_EU,Europe,6,train
20240619T050711_003330_EU,Europe,7,train
20240623T064530_003252_EU,Europe,1,train
20240623T065329_003254_AS,SE Asia,1,test
20240623T082351_003251_ME,North Africa & Middle East,1,train
20240623T095646_003249_ME,North Africa & Middle East,1,train
20240624T025623_003265_CM,China & Mongolia,1,val
20240624T073352_003259_EU,Europe,1,train
20240624T073515_003260_EU,Europe,1,train
20240624T073538_003261_ME,North Africa & Middle East,1,train
20240624T073918_003262_ME,North Africa & Middle East,1,train
20240624T073918_003263_ME,North Africa & Middle East,1,train
20240624T151739_003256_AM,North America,4,train
20240624T151751_003257_AM,North America,1,train
20240625T020841_003286_CM,China & Mongolia,1,val
20240625T020904_003290_CM,China & Mongolia,1,val
20240625T020904_003291_CM,China & Mongolia,4,val
20240625T020904_003292_CM,China & Mongolia,1,val
20240625T020904_003293_CM,China & Mongolia,1,val
20240625T020940_003294_CM,China & Mongolia,1,val
20240625T020940_003295_CM,China & Mongolia,4,val
20240625T051339_003283_ST,Stans,1,train
20240625T051438_003284_ST,Stans,4,train
20240625T051438_003285_ST,Stans,1,train
20240625T064958_003275_ME,North Africa & Middle East,1,train
20240625T065010_003276_ME,North Africa & Middle East,1,train
20240625T065010_003277_ME,North Africa & Middle East,1,train
20240625T065021_003278_ME,North Africa & Middle East,1,train
20240625T065021_003279_ME,North Africa & Middle East,1,train
20240625T065045_003280_ME,North Africa & Middle East,16,train
20240625T065122_003281_ME,North Africa & Middle East,1,train
20240625T065122_003282_ME,North Africa & Middle East,1,train
20240625T082337_003269_ME,North Africa & Middle East,4,train
20240625T082337_003274_ME,North Africa & Middle East,1,train
20240625T082349_003270_ME,North Africa & Middle East,1,train
20240625T082349_003271_ME,North Africa & Middle East,1,train
20240625T082349_003272_ME,North Africa & Middle East,4,train
20240625T082349_003273_ME,North Africa & Middle East,4,train
20240625T173943_003268_AM,North America,1,train
20240626T060123_003300_ME,North Africa & Middle East,4,train
20240626T060135_003301_ME,North Africa & Middle East,1,train
20240627T064756_003362_ME,North Africa & Middle East,1,train
20240627T160544_003332_AM,North America,1,train
20240627T160655_003334_AM,North America,1,train
20240628T060014_003364_ME,North Africa & Middle East,1,train
20240701T145112_003312_SA,South America & South Africa,4,test
20240701T162527_003313_SA,South America & South Africa,16,test
20240702T042711_003317_ME,North Africa & Middle East,1,train
20240703T131452_003321_SA,South America & South Africa,4,test
20240703T131452_003324_SA,South America & South Africa,4,test
20240703T131504_003318_SA,South America & South Africa,1,test
20240703T131504_003319_SA,South America & South Africa,1,test
20240703T131504_003320_SA,South America & South Africa,16,test
20240703T145156_003325_SA,South America & South Africa,16,test
20240719T135301_003340_ME,North Africa & Middle East,1,train
20240719T165816_003339_ME,North Africa & Middle East,1,train
20240720T155223_003342_SA,South America & South Africa,1,test
20240720T155235_003344_SA,South America & South Africa,1,test
20240721T104340_003348_AS,SE Asia,1,test
20240722T112812_003353_ME,North Africa & Middle East,1,train
20240722T112859_003354_ME,North Africa & Middle East,1,train
20240722T112911_003355_ME,North Africa & Middle East,1,train
20240722T130241_003352_ME,North Africa & Middle East,1,train
20240722T143518_003350_ME,North Africa & Middle East,1,train
20240722T143518_003351_ME,North Africa & Middle East,1,train
20240728T095147_003382_ME,North Africa & Middle East,1,train
20240728T095147_003383_ME,North Africa & Middle East,1,train
20240728T095246_003384_ST,Stans,16,train
20240728T095246_003385_ST,Stans,4,train
20240728T095246_003386_ST,Stans,5,train
20240728T095246_003387_ST,Stans,16,train
20240728T112158_003381_ME,North Africa & Middle East,1,train
20240729T090210_003389_ME,North Africa & Middle East,1,train
20240729T103728_003388_EU,Europe,1,train
20240730T095231_003392_ST,Stans,1,train
20240730T095231_003393_ST,Stans,1,train
20240730T095231_003394_ST,Stans,1,train
20240730T190438_003390_AM,North America,1,train
20240801T081231_003430_ME,North Africa & Middle East,1,train
20240801T081411_003435_ME,North Africa & Middle East,4,train
20240801T081556_003436_ST,Stans,1,train
20240803T190415_003508_AM,North America,1,train
20240803T190427_003507_AM,North America,1,train
20240805T094506_003404_ME,North Africa & Middle East,1,train
20240805T155250_003403_AM,North America,1,train
20240805T172803_003402_AM,North America,4,train
20240806T072253_003414_ME,North Africa & Middle East,1,train
20240806T085622_003410_ME,North Africa & Middle East,1,train
20240806T085622_003411_ME,North Africa & Middle East,1,train
20240806T085622_003412_ME,North Africa & Middle East,1,train
20240806T085622_003413_ME,North Africa & Middle East,4,train
20240807T063606_003419_ME,North Africa & Middle East,1,train
20240807T063606_003420_ME,North Africa & Middle East,4,train
20240807T063753_003421_ME,North Africa & Middle East,4,train
20240807T064102_003422_ST,Stans,1,train
20240807T064114_003423_ST,Stans,1,train
20240812T104614_003448_ST,Stans,1,train
20240812T104614_003449_ST,Stans,1,train
20240812T122201_003447_ME,North Africa & Middle East,1,train
20240812T135306_003446_EU,Europe,1,train
20240812T213903_003439_AM,North America,1,train
20240812T213903_003440_AM,North America,1,train
20240812T213903_003441_AM,North America,1,train
20240812T213903_003442_AM,North America,1,train
20240812T213903_003443_AM,North America,1,train
20240812T213903_003444_AM,North America,1,train
20240812T213914_003445_AM,North America,1,train
20240813T113529_003452_ME,North Africa & Middle East,1,train
20240814T122058_003454_ME,North Africa & Middle East,1,train
20240815T082321_003455_ST,Stans,1,train
20240821T033855_003605_CM,China & Mongolia,1,val
20240821T033906_003596_CM,China & Mongolia,1,val
20240821T033906_003601_CM,China & Mongolia,4,val
20240821T033906_003602_CM,China & Mongolia,1,val
20240821T033918_003593_CM,China & Mongolia,1,val
20240821T081938_003576_ME,North Africa & Middle East,1,train
20240821T081938_003577_ME,North Africa & Middle East,1,train
20240821T081949_003578_ME,North Africa & Middle East,1,train
20240821T081949_003581_ME,North Africa & Middle East,1,train
20240821T081949_003582_ME,North Africa & Middle East,1,train
20240821T082001_003584_ME,North Africa & Middle East,1,train
20240821T082152_003589_ME,North Africa & Middle East,1,train
20240823T051729_003475_AS,SE Asia,1,test
20240823T081638_003472_ME,North Africa & Middle East,16,train
20240823T173410_003462_AM,North America,1,train
20240823T173410_003463_AM,North America,1,train
20240823T173410_003464_AM,North America,1,train
20240823T173421_003465_AM,North America,1,train
20240823T173527_003467_AM,North America,1,train
20240823T173603_003468_AM,North America,1,train
20240823T173814_003469_AM,North America,46,train
20240824T055459_003482_ST,Stans,4,train
20240824T055459_003483_ST,Stans,4,train
20240824T072809_003481_ME,North Africa & Middle East,1,train
20240824T103424_003479_ME,North Africa & Middle East,4,train
20240825T050632_003503_ST,Stans,1,train
20240825T064225_003494_ME,North Africa & Middle East,16,train
20240825T064237_003496_ME,North Africa & Middle East,1,train
20240825T064249_003497_ME,North Africa & Middle East,4,train
20240825T064312_003498_ME,North Africa & Middle East,1,train
20240825T064312_003499_ME,North Africa & Middle East,1,train
20240825T064423_003500_ME,North Africa & Middle East,1,train
20240825T064423_003501_ME,North Africa & Middle East,1,train
20240825T064509_003502_ME,North Africa & Middle East,1,train
20240825T081550_003491_ME,North Africa & Middle East,1,train
20240825T081550_003492_ME,North Africa & Middle East,1,train
20240825T173115_003486_AM,North America,1,train
20240825T173139_003488_AM,North America,1,train
20240825T173151_003489_AM,North America,1,train
20240826T055324_003570_ME,North Africa & Middle East,16,train
20240826T170043_003568_SA,South America & South Africa,1,test
20240830T134429_003510_SA,South America & South Africa,1,test
20240830T135304_003511_SA,South America & South Africa,1,test
20240902T130832_003513_SA,South America & South Africa,4,test
20240916T134358_003524_SA,South America & South Africa,4,test
20240918T164518_003525_SA,South America & South Africa,1,test
20240921T173339_003555_SA,South America & South Africa,1,test
20240921T173339_003559_SA,South America & South Africa,1,test
20240924T104840_003565_ME,North Africa & Middle East,1,train
20240924T133617_003564_SA,South America & South Africa,1,test
20240927T130748_003541_ME,North Africa & Middle East,1,train
20240928T104449_003546_ME,North Africa & Middle East,1,train
20240928T104501_003547_ME,North Africa & Middle East,1,train
20240928T104513_003548_ME,North Africa & Middle East,1,train
20240928T104525_003549_ME,North Africa & Middle East,1,train
20240928T182821_003533_AM,North America,1,train
20240928T182908_003534_AM,North America,1,train
20240929T113148_003543_ME,North Africa & Middle East,1,train
20240929T113148_003544_ME,North Africa & Middle East,1,train
20240930T091145_003550_ME,North Africa & Middle East,7,train
20240930T091314_003551_EU,Europe,4,train
20240930T091314_003552_EU,Europe,4,train
20240930T182953_003530_AM,North America,4,train
20240930T200354_003528_AM,North America,1,train
20241001T191803_003618_AM,North America,1,train
20241001T191827_003617_AM,North America,1,train
20241003T065107_003631_ST,Stans,1,train
20241003T065154_003632_ST,Stans,1,train
20241003T065206_003633_ST,Stans,16,train
20241003T082129_003629_ME,North Africa & Middle East,1,train
20241003T160209_003626_AM,North America,1,train
20241004T025747_003647_CM,China & Mongolia,4,val
20241004T025747_003648_CM,China & Mongolia,1,val
20241004T025759_003652_CM,China & Mongolia,1,val
20241004T025759_003653_CM,China & Mongolia,1,val
20241004T025759_003654_CM,China & Mongolia,1,val
20241004T073609_003640_ME,North Africa & Middle East,11,train
20241004T073609_003642_ME,North Africa & Middle East,4,train
20241004T073609_003643_ME,North Africa & Middle East,1,train
20241004T073609_003645_ME,North Africa & Middle East,16,train
20241004T090633_003639_ME,North Africa & Middle East,1,train
20241004T165227_003636_AM,North America,1,train
20241004T182715_003634_AM,North America,1,train
20241005T095454_003683_ME,North Africa & Middle East,1,train
20241005T160604_003663_AM,North America,16,train
20241006T090738_003685_ME,North Africa & Middle East,1,train
20241006T165457_003658_AM,North America,1,train
20241007T082015_003686_ME,North Africa & Middle East,4,train
20241010T201028_003656_AM,North America,4,train
20241011T223625_003666_AM,North America,1,train
20241012T123436_003668_ME,North Africa & Middle East,1,train
20241012T215351_003667_AM,North America,4,train
20241014T201756_003690_AM,North America,1,train
20241015T114923_003697_ME,North Africa & Middle East,1,train
20241017T083946_003674_AS,SE Asia,1,test
20241019T100941_003675_ME,North Africa & Middle East,1,train
20241020T092144_003679_ME,North Africa & Middle East,4,train
20241020T170504_003677_AM,North America,16,train
20241026T061152_003688_ME,North Africa & Middle East,1,train
20241026T061204_003689_ME,North Africa & Middle East,1,train
20241026T172133_003687_SA,South America & South Africa,4,test
