name,region,acronym,est_no_tiles,split
20220810T064957_000485,North Africa & Middle East,ME,1,train
20220810T065021_000486,North Africa & Middle East,ME,1,train
20220810T065132_000487,North Africa & Middle East,ME,1,train
20220810T065132_000496,North Africa & Middle East,ME,1,train
20220811T042630_000490,North Africa & Middle East,ME,1,train
20220814T051412_000491,North Africa & Middle East,ME,1,train
20220815T042826_000492,Stans,ST,10,train
20220815T042826_000493,Stans,ST,4,train
20220815T042838_000494,Stans,ST,1,train
20220815T074645_000495,Stans,ST,1,train
20220815T074645_000742,Stans,ST,1,train
20220815T140823_000497,North Africa & Middle East,ME,4,train
20220816T034409_000741,Stans,ST,1,train
20220816T101035_000502,Stans,ST,1,train
20220816T101058_000500,Stans,ST,1,train
20220816T114505_000498,Europe,EU,1,train
20220817T043235_000743,Stans,ST,1,train
20220817T043235_000744,Stans,ST,1,train
20220817T092038_000503,Stans,ST,1,train
20220818T034231_000507,Stans,ST,1,train
20220818T070105_000508,China & Mongolia,CM,1,val
20220818T083506_000506,Stans,ST,1,train
20220818T114440_000505,North Africa & Middle East,ME,1,train
20220819T092231_000510,Stans,ST,1,train
20220819T123047_000511,North Africa & Middle East,ME,1,train
20220820T052804_000514,China & Mongolia,CM,1,val
20220820T083324_000512,Stans,ST,1,train
20220820T083324_000513,Stans,ST,6,train
20220820T100739_002712,Europe,EU,1,train
20220820T100937_002713,North Africa & Middle East,ME,1,train
20220820T101039_002715,North Africa & Middle East,ME,1,train
20220821T110023_002719,North Africa & Middle East,ME,1,train
20220821T110023_002720,North Africa & Middle East,ME,1,train
20220822T065713_000517,Stans,ST,1,train
20220822T100653_000516,North Africa & Middle East,ME,1,train
20220823T074504_000519,Stans,ST,4,train
20220823T074504_000520,Stans,ST,1,train
20220823T074504_000522,Stans,ST,1,train
20220823T074504_000523,Stans,ST,1,train
20220826T065435_000528,Stans,ST,1,train
20220826T065435_000529,Stans,ST,1,train
20220826T065435_000530,Stans,ST,1,train
20220826T065435_000531,Stans,ST,1,train
20220826T082915_000527,North Africa & Middle East,ME,4,train
20220826T174642_000524,North America,AM,1,train
20220826T174642_000525,North America,AM,1,train
20220827T060730_000533,Stans,ST,1,train
20220827T060753_000534,Stans,ST,1,train
20220827T060753_000535,Stans,ST,1,train
20220827T060753_000536,Stans,ST,1,train
20220827T060753_000537,Stans,ST,1,train
20220827T060753_000538,Stans,ST,8,train
20220827T060753_000539,Stans,ST,1,train
20220827T060753_000540,Stans,ST,1,train
20220827T060753_000541,Stans,ST,1,train
20220827T074030_000542,Europe,EU,1,train
20220827T104927_000526,North Africa & Middle East,ME,1,train
20220828T051853_000915,Stans,ST,4,train
20220828T051905_000916,Stans,ST,4,train
20220828T051905_000917,Stans,ST,1,train
20220828T051917_000918,Stans,ST,1,train
20220828T051929_000919,Stans,ST,1,train
20220828T051929_000920,Stans,ST,1,train
20220828T051941_000921,Stans,ST,9,train
20220828T051941_000922,Stans,ST,4,train
20220828T065300_000925,Europe,EU,1,train
20220828T065324_000924,Europe,EU,1,train
20220828T065550_000923,North Africa & Middle East,ME,1,train
20220828T065626_002733,North Africa & Middle East,ME,1,train
20220828T082847_000926,North Africa & Middle East,ME,1,train
20220828T082847_000927,North Africa & Middle East,ME,1,train
20220828T082847_000928,North Africa & Middle East,ME,1,train
20220828T082847_000929,North Africa & Middle East,ME,1,train
20220828T082847_000930,North Africa & Middle East,ME,1,train
20220829T060627_000543,North Africa & Middle East,ME,1,train
20220829T060913_000544,SE Asia,AS,16,test
20220829T060913_000545,SE Asia,AS,4,test
20220829T165553_000740,North America,AM,1,train
20220830T065244_000546,North Africa & Middle East,ME,4,train
20220831T060702_000547,North Africa & Middle East,ME,1,train
20220831T060702_000548,North Africa & Middle East,ME,4,train
20220831T060738_002200,North Africa & Middle East,ME,1,train
20220901T034318_000554,Stans,ST,1,train
20220901T034318_000555,Stans,ST,1,train
20220901T034318_000556,Stans,ST,1,train
20220901T034318_000557,Stans,ST,1,train
20220901T034318_000558,Stans,ST,1,train
20220901T034318_000559,Stans,ST,1,train
20220901T034318_000560,Stans,ST,1,train
20220901T034318_000561,Stans,ST,1,train
20220901T034318_000562,Stans,ST,4,train
20220901T034318_000563,Stans,ST,1,train
20220901T034318_000564,Stans,ST,1,train
20220901T034318_000565,Stans,ST,1,train
20220901T051709_000550,North Africa & Middle East,ME,1,train
20220901T051720_000551,North Africa & Middle East,ME,1,train
20220901T051920_000552,North Africa & Middle East,ME,1,train
20220901T082525_000549,North Africa & Middle East,ME,16,train
20220903T051924_000568,North Africa & Middle East,ME,11,train
20220903T065056_002339,North Africa & Middle East,ME,1,train
20220903T065242_000567,North Africa & Middle East,ME,1,train
20220903T082537_000566,North Africa & Middle East,ME,1,train
20220909T070254_000569,South America & South Africa,SA,1,test
20220909T070306_000570,South America & South Africa,SA,1,test
20220909T070306_000571,South America & South Africa,SA,1,test
20220909T070306_000572,South America & South Africa,SA,1,test
20230107T143818_000574,South America & South Africa,SA,1,test
20230111T130107_000576,South America & South Africa,SA,1,test
20230111T130218_000575,South America & South Africa,SA,1,test
20230119T040223_000578,Australia,AU,1,val
20230119T040223_000579,Australia,AU,1,val
20230121T161834_000581,South America & South Africa,SA,1,test
20230122T153151_000582,South America & South Africa,SA,1,test
20230123T085311_000583,SE Asia,AS,1,test
20230125T004744_000584,Australia,AU,1,val
20230125T004744_000586,Australia,AU,1,val
20230126T062716_000587,SE Asia,AS,1,test
20230126T124335_000590,North Africa & Middle East,ME,1,train
20230127T162104_000591,South America & South Africa,SA,1,test
20230127T162104_000592,South America & South Africa,SA,1,test
20230128T124118_000593,North Africa & Middle East,ME,1,train
20230128T124118_000594,North Africa & Middle East,ME,1,train
20230128T124130_000595,North Africa & Middle East,ME,1,train
20230129T084611_000738,North Africa & Middle East,ME,1,train
20230129T130321_000596,South America & South Africa,SA,1,test
20230129T130333_000597,South America & South Africa,SA,1,test
20230130T093555_000598,North Africa & Middle East,ME,1,train
20230130T184923_000739,North America,AM,1,train
20230131T053924_000600,SE Asia,AS,1,test
20230131T053936_000601,SE Asia,AS,12,test
20230131T054317_000602,China & Mongolia,CM,1,val
20230131T054340_000603,China & Mongolia,CM,1,val
20230131T054340_000604,China & Mongolia,CM,1,val
20230131T084913_000599,Stans,ST,1,train
20230201T075326_000605,North Africa & Middle East,ME,1,train
20230202T070803_000606,North Africa & Middle East,ME,1,train
20230202T070803_000610,North Africa & Middle East,ME,1,train
20230202T193821_000611,North America,AM,1,train
20230203T062256_000614,SE Asia,AS,1,test
20230203T062629_000615,China & Mongolia,CM,1,val
20230203T062629_000616,China & Mongolia,CM,1,val
20230203T171434_000613,North America,AM,1,train
20230204T040649_000617,China & Mongolia,CM,1,val
20230204T041009_000618,China & Mongolia,CM,1,val
20230204T070701_000621,North Africa & Middle East,ME,16,train
20230204T071117_000622,Stans,ST,1,train
20230204T071144_000623,Stans,ST,1,train
20230204T084139_000619,North Africa & Middle East,ME,1,train
20230204T084203_000620,North Africa & Middle East,ME,1,train
20230205T171244_000624,North America,AM,1,train
20230205T171255_000625,North America,AM,1,train
20230205T171255_000626,North America,AM,1,train
20230205T171255_000627,North America,AM,1,train
20230205T171255_000628,North America,AM,1,train
20230205T171255_000629,North America,AM,1,train
20230205T171255_000630,North America,AM,4,train
20230205T171255_000631,North America,AM,1,train
20230206T162514_000635,North America,AM,1,train
20230214T072457_000640,China & Mongolia,CM,1,val
20230214T085715_000639,China & Mongolia,CM,1,val
20230214T103422_000637,SE Asia,AS,1,test
20230214T103422_000638,SE Asia,AS,1,test
20230214T103457_000636,SE Asia,AS,1,test
20230215T063626_000643,China & Mongolia,CM,1,val
20230215T111933_000641,North Africa & Middle East,ME,1,train
20230215T203354_000644,North America,AM,1,train
20230216T133626_000658,North Africa & Middle East,ME,1,train
20230216T133626_000659,North Africa & Middle East,ME,1,train
20230216T133626_000660,North Africa & Middle East,ME,1,train
20230216T133626_000661,North Africa & Middle East,ME,1,train
20230216T133701_000662,North Africa & Middle East,ME,1,train
20230217T063221_000646,China & Mongolia,CM,1,val
20230217T111603_000653,North Africa & Middle East,ME,4,train
20230217T203134_000647,North America,AM,1,train
20230217T203432_000648,North America,AM,1,train
20230218T085651_000656,SE Asia,AS,1,test
20230218T085651_000657,SE Asia,AS,1,test
20230218T085703_000655,SE Asia,AS,1,test
20230218T085739_000654,SE Asia,AS,4,test
20230218T102723_000652,North Africa & Middle East,ME,1,train
20230218T120210_000649,North Africa & Middle East,ME,1,train
20230218T120210_000650,North Africa & Middle East,ME,1,train
20230218T120210_000651,North Africa & Middle East,ME,1,train
20230218T181054_000663,North America,AM,1,train
20230219T063155_000686,China & Mongolia,CM,1,val
20230219T080503_000683,Stans,ST,16,train
20230219T080527_000681,Stans,ST,1,train
20230219T080527_000682,Stans,ST,1,train
20230219T080539_000678,Stans,ST,1,train
20230219T080539_000679,Stans,ST,1,train
20230219T080539_000680,Stans,ST,1,train
20230219T093908_000667,Europe,EU,1,train
20230219T093943_000668,North Africa & Middle East,ME,1,train
20230219T094118_000669,North Africa & Middle East,ME,1,train
20230219T094118_000670,North Africa & Middle East,ME,1,train
20230219T094118_000671,North Africa & Middle East,ME,1,train
20230219T094118_000672,North Africa & Middle East,ME,1,train
20230219T094118_000673,North Africa & Middle East,ME,1,train
20230219T094130_000674,North Africa & Middle East,ME,1,train
20230219T094130_000675,North Africa & Middle East,ME,1,train
20230219T094130_000677,North Africa & Middle East,ME,4,train
20230219T190539_000664,South America & South Africa,SA,1,test
20230220T054540_000687,China & Mongolia,CM,1,val
20230220T054540_000688,China & Mongolia,CM,1,val
20230220T054540_000689,China & Mongolia,CM,1,val
20230220T071530_000685,Stans,ST,1,train
20230220T103220_000690,North Africa & Middle East,ME,1,train
20230220T103220_000691,North Africa & Middle East,ME,1,train
20230220T103220_000692,North Africa & Middle East,ME,1,train
20230220T103220_000693,North Africa & Middle East,ME,1,train
20230220T194324_000696,North America,AM,1,train
20230220T194546_000695,North America,AM,1,train
20230220T194723_000694,North America,AM,1,train
20230221T045604_000716,China & Mongolia,CM,1,val
20230221T063001_000713,Stans,ST,1,train
20230221T093954_000697,North Africa & Middle East,ME,1,train
20230221T093954_000698,North Africa & Middle East,ME,1,train
20230222T085106_000699,Europe,EU,1,train
20230223T045645_000714,China & Mongolia,CM,1,val
20230223T045720_000715,China & Mongolia,CM,1,val
20230223T063022_000711,Stans,ST,4,train
20230223T063022_000712,Stans,ST,1,train
20230223T063033_000710,Stans,ST,4,train
20230223T063057_000708,Stans,ST,1,train
20230223T063057_000709,Stans,ST,4,train
20230223T063109_000704,Stans,ST,4,train
20230223T063109_000705,Stans,ST,1,train
20230223T063109_000706,Stans,ST,16,train
20230223T063109_000707,Stans,ST,16,train
20230223T080447_000700,Europe,EU,1,train
20230223T080459_000701,Europe,EU,1,train
20230224T041158_000717,China & Mongolia,CM,1,val
20230224T041158_000718,China & Mongolia,CM,1,val
20230224T041158_000719,China & Mongolia,CM,1,val
20230224T041158_000720,China & Mongolia,CM,1,val
20230224T085831_000733,North Africa & Middle East,ME,1,train
20230224T085831_000734,North Africa & Middle East,ME,4,train
20230224T085831_000735,North Africa & Middle East,ME,1,train
20230224T102219_000724,Europe,EU,1,train
20230224T181000_000731,North America,AM,1,train
20230224T181000_000732,North America,AM,1,train
20230224T181429_000726,North America,AM,1,train
20230224T181429_000727,North America,AM,4,train
20230224T181429_000728,North America,AM,1,train
20230224T181441_000725,North America,AM,1,train
20230225T050619_000721,SE Asia,AS,1,test
20230225T050619_000722,SE Asia,AS,1,test
20230225T050619_000723,SE Asia,AS,1,test
20230225T080531_000747,North Africa & Middle East,ME,1,train
20230225T080543_000746,North Africa & Middle East,ME,4,train
20230226T041022_000749,China & Mongolia,CM,4,val
20230226T041022_000750,China & Mongolia,CM,3,val
20230226T054714_000748,SE Asia,AS,1,test
20230227T155714_000736,South America & South Africa,SA,1,test
20230227T155714_000737,South America & South Africa,SA,1,test
20230311T125954_000752,South America & South Africa,SA,1,test
20230318T045250_000849,Australia,AU,1,val
20230323T144805_002430,South America & South Africa,SA,1,test
20230324T094919_000757,SE Asia,AS,1,test
20230324T094943_000758,SE Asia,AS,1,test
20230325T121118_000767,North Africa & Middle East,ME,1,train
20230325T121118_000768,North Africa & Middle East,ME,1,train
20230325T134123_000763,North Africa & Middle East,ME,1,train
20230325T134123_000764,North Africa & Middle East,ME,1,train
20230325T134135_000765,North Africa & Middle East,ME,1,train
20230325T134147_000766,North Africa & Middle East,ME,1,train
20230325T151728_000761,Europe,EU,1,train
20230326T081920_002585,China & Mongolia,CM,1,val
20230326T081955_000771,China & Mongolia,CM,1,val
20230326T112521_000769,Stans,ST,1,train
20230326T142844_002586,North Africa & Middle East,ME,1,train
20230326T142844_002587,North Africa & Middle East,ME,1,train
20230326T142844_002588,North Africa & Middle East,ME,1,train
20230326T143019_000762,North Africa & Middle East,ME,1,train
20230327T073331_000772,China & Mongolia,CM,1,val
20230327T120858_002591,North Africa & Middle East,ME,1,train
20230327T120957_002592,North Africa & Middle East,ME,1,train
20230330T094934_000780,Stans,ST,1,train
20230330T095033_000781,Stans,ST,4,train
20230330T095045_000782,Stans,ST,1,train
20230330T125250_000778,North Africa & Middle East,ME,1,train
20230330T125302_000775,North Africa & Middle East,ME,1,train
20230330T125302_000776,North Africa & Middle East,ME,1,train
20230330T125302_000777,North Africa & Middle East,ME,1,train
20230330T125302_000779,North Africa & Middle East,ME,1,train
20230331T072349_000784,SE Asia,AS,1,test
20230331T120633_002594,North Africa & Middle East,ME,1,train
20230331T194937_000848,North America,AM,1,train
20230403T081031_000791,North Africa & Middle East,ME,1,train
20230403T081219_000792,North Africa & Middle East,ME,1,train
20230403T081219_000793,North Africa & Middle East,ME,4,train
20230403T081457_000794,Stans,ST,1,train
20230403T094539_000790,North Africa & Middle East,ME,1,train
20230403T111837_000786,North Africa & Middle East,ME,1,train
20230403T111837_000787,North Africa & Middle East,ME,1,train
20230403T111837_000788,North Africa & Middle East,ME,1,train
20230403T111837_002609,North Africa & Middle East,ME,1,train
20230403T111837_002610,North Africa & Middle East,ME,1,train
20230403T111849_000785,North Africa & Middle East,ME,1,train
20230403T111849_002611,North Africa & Middle East,ME,1,train
20230404T085844_000795,North Africa & Middle East,ME,1,train
20230404T085908_000796,North Africa & Middle East,ME,16,train
20230404T090019_000798,North Africa & Middle East,ME,1,train
20230404T090019_000799,North Africa & Middle East,ME,1,train
20230404T090019_000800,North Africa & Middle East,ME,1,train
20230404T090019_000801,North Africa & Middle East,ME,1,train
20230404T090031_000797,North Africa & Middle East,ME,1,train
20230404T090042_000802,Europe,EU,1,train
20230404T090042_000803,Europe,EU,1,train
20230405T063543_000804,North Africa & Middle East,ME,1,train
20230405T063543_000805,North Africa & Middle East,ME,1,train
20230405T063543_000806,North Africa & Middle East,ME,1,train
20230405T063543_000807,North Africa & Middle East,ME,1,train
20230405T081246_000808,North Africa & Middle East,ME,1,train
20230405T081246_000809,North Africa & Middle East,ME,1,train
20230413T095729_000818,Stans,ST,1,train
20230416T122203_000810,North Africa & Middle East,ME,1,train
20230416T213735_000851,North America,AM,1,train
20230417T095836_000811,Stans,ST,1,train
20230417T095836_000812,Stans,ST,1,train
20230417T095836_000813,Stans,ST,1,train
20230417T095836_000814,Stans,ST,16,train
20230417T095836_000815,Stans,ST,1,train
20230417T095836_000816,Stans,ST,1,train
20230417T095848_000817,Stans,ST,1,train
20230418T060602_000822,China & Mongolia,CM,1,val
20230418T060625_000823,China & Mongolia,CM,1,val
20230418T060625_000824,China & Mongolia,CM,1,val
20230418T060625_000825,China & Mongolia,CM,1,val
20230418T060625_000826,China & Mongolia,CM,1,val
20230418T060625_002052,China & Mongolia,CM,1,val
20230418T060625_002056,China & Mongolia,CM,1,val
20230418T060625_002057,China & Mongolia,CM,1,val
20230418T090931_002044,Stans,ST,1,train
20230418T090931_002045,Stans,ST,1,train
20230418T091053_002046,Stans,ST,1,train
20230418T091117_002048,Stans,ST,1,train
20230418T091128_002047,Stans,ST,1,train
20230418T091152_000828,Stans,ST,1,train
20230418T091216_000827,Stans,ST,1,train
20230418T200118_000829,North America,AM,1,train
20230419T082352_000832,Stans,ST,1,train
20230419T113335_002060,North Africa & Middle East,ME,1,train
20230419T130650_000830,North Africa & Middle East,ME,1,train
20230419T130650_000831,North Africa & Middle East,ME,1,train
20230420T060148_000837,China & Mongolia,CM,1,val
20230420T073554_002068,Stans,ST,1,train
20230420T104534_000833,North Africa & Middle East,ME,4,train
20230421T082329_000835,Stans,ST,1,train
20230421T082638_000836,SE Asia,AS,1,test
20230421T100017_000834,North Africa & Middle East,ME,1,train
20230421T191423_000850,North America,AM,1,train
20230422T073437_000842,Stans,ST,1,train
20230422T091058_000839,North Africa & Middle East,ME,4,train
20230422T091110_000840,North Africa & Middle East,ME,1,train
20230423T051516_000844,China & Mongolia,CM,1,val
20230423T051516_000846,China & Mongolia,CM,1,val
20230423T051516_000847,China & Mongolia,CM,1,val
20230423T064421_000843,Stans,ST,1,train
20230423T082223_000841,North Africa & Middle East,ME,1,train
20230423T100136_000838,North Africa & Middle East,ME,4,train
20230423T112619_000853,Europe,EU,1,train
20230423T112908_000854,North Africa & Middle East,ME,1,train
20230423T191232_000852,North America,AM,1,train
20230424T042444_000856,China & Mongolia,CM,4,val
20230424T060859_000857,SE Asia,AS,1,test
20230424T090818_000855,North Africa & Middle East,ME,1,train
20230424T164949_000858,North America,AM,1,train
20230424T182545_002857,North America,AM,1,train
20230425T034028_000861,China & Mongolia,CM,1,val
20230425T034040_000862,China & Mongolia,CM,1,val
20230425T034040_000863,China & Mongolia,CM,1,val
20230425T034040_000864,China & Mongolia,CM,1,val
20230425T034040_000865,China & Mongolia,CM,1,val
20230425T034040_000866,China & Mongolia,CM,1,val
20230425T034040_000867,China & Mongolia,CM,1,val
20230425T034040_002844,China & Mongolia,CM,1,val
20230425T051216_000860,China & Mongolia,CM,13,val
20230425T064628_002839,Stans,ST,1,train
20230425T064628_002840,Stans,ST,1,train
20230425T064628_002841,Stans,ST,1,train
20230425T081923_000859,North Africa & Middle East,ME,1,train
20230426T025302_000876,China & Mongolia,CM,1,val
20230426T055703_000874,Stans,ST,6,train
20230426T055703_000875,Stans,ST,16,train
20230426T073130_000870,Europe,EU,1,train
20230426T182239_000868,North America,AM,1,train
20230426T182239_000869,North America,AM,1,train
20230427T064404_000871,North Africa & Middle East,ME,1,train
20230427T064416_000872,North Africa & Middle East,ME,1,train
20230427T064416_000873,North Africa & Middle East,ME,1,train
20230427T173630_000877,North America,AM,1,train
20230427T175126_002681,South America & South Africa,SA,1,test
20230428T024900_000897,China & Mongolia,CM,1,val
20230428T055524_000885,Stans,ST,4,train
20230428T055536_000880,Stans,ST,1,train
20230428T055536_000881,Stans,ST,4,train
20230428T055536_000882,Stans,ST,16,train
20230428T055536_000883,Stans,ST,4,train
20230428T055536_000884,Stans,ST,4,train
20230428T090309_000878,North Africa & Middle East,ME,1,train
20230428T090309_000879,North Africa & Middle East,ME,1,train
20230429T050811_000888,Stans,ST,4,train
20230429T050811_000889,Stans,ST,4,train
20230429T050811_000890,Stans,ST,16,train
20230429T050811_000891,Stans,ST,1,train
20230429T050811_000892,Stans,ST,11,train
20230429T050811_000893,Stans,ST,4,train
20230429T050811_000895,Stans,ST,4,train
20230429T050811_000896,Stans,ST,1,train
20230429T050823_000886,Stans,ST,1,train
20230429T050823_000887,Stans,ST,1,train
20230429T050823_000894,Stans,ST,16,train
20230429T050835_002626,Stans,ST,1,train
20230429T064405_002622,North Africa & Middle East,ME,1,train
20230430T055556_000902,North Africa & Middle East,ME,1,train
20230430T055608_000903,North Africa & Middle East,ME,4,train
20230430T072853_000898,North Africa & Middle East,ME,1,train
20230430T072853_000899,North Africa & Middle East,ME,1,train
20230430T072853_000900,North Africa & Middle East,ME,1,train
20230430T072853_000901,North Africa & Middle East,ME,1,train
20230430T164407_000931,North America,AM,1,train
20230502T042234_000906,SE Asia,AS,4,test
20230502T042234_000907,SE Asia,AS,4,test
20230502T042258_000905,SE Asia,AS,1,test
20230502T072754_000904,North Africa & Middle East,ME,1,train
20230504T135442_000911,South America & South Africa,SA,1,test
20230504T135454_000908,South America & South Africa,SA,4,test
20230504T135454_000909,South America & South Africa,SA,4,test
20230504T135454_000910,South America & South Africa,SA,1,test
20230526T142126_000912,North Africa & Middle East,ME,1,train
20230526T142126_000913,North Africa & Middle East,ME,1,train
20230526T142126_000914,North Africa & Middle East,ME,1,train
20230527T133235_000257,North Africa & Middle East,ME,1,train
20230529T085541_002038,China & Mongolia,CM,1,val
20230529T085640_002039,China & Mongolia,CM,1,val
20230529T115740_000258,North Africa & Middle East,ME,1,train
20230529T115740_000259,North Africa & Middle East,ME,1,train
20230529T115740_002036,North Africa & Middle East,ME,1,train
20230530T063504_002086,China & Mongolia,CM,1,val
20230530T093728_000260,North Africa & Middle East,ME,1,train
20230530T094018_002083,Stans,ST,1,train
20230530T094018_002084,Stans,ST,1,train
20230530T185754_000254,North America,AM,1,train
20230531T102316_000310,North Africa & Middle East,ME,1,train
20230531T102439_000311,North Africa & Middle East,ME,1,train
20230601T093623_000314,North Africa & Middle East,ME,1,train
20230601T093903_002216,Stans,ST,16,train
20230602T071917_000321,China & Mongolia,CM,1,val
20230602T084726_002286,North Africa & Middle East,ME,1,train
20230602T084726_002287,North Africa & Middle East,ME,1,train
20230603T075914_000262,North Africa & Middle East,ME,1,train
20230603T075926_000263,North Africa & Middle East,ME,1,train
20230603T080204_002410,Stans,ST,1,train
20230603T080327_000264,Stans,ST,1,train
20230603T093209_000306,North Africa & Middle East,ME,4,train
20230603T093209_000307,North Africa & Middle East,ME,1,train
20230603T093209_000308,North Africa & Middle East,ME,1,train
20230604T070641_000233,North Africa & Middle East,ME,4,train
20230604T180205_000218,North America,AM,1,train
20230604T180205_000219,North America,AM,1,train
20230604T180217_000220,North America,AM,1,train
20230604T180229_000221,North America,AM,1,train
20230605T080026_000223,Stans,ST,6,train
20230605T080026_000226,Stans,ST,4,train
20230605T080026_000227,Stans,ST,1,train
20230605T080026_000228,Stans,ST,1,train
20230605T080026_000229,Stans,ST,1,train
20230605T080026_000230,Stans,ST,1,train
20230606T053448_002436,SE Asia,AS,1,test
20230606T053523_000936,SE Asia,AS,1,test
20230606T070919_002437,North Africa & Middle East,ME,1,train
20230606T085011_002433,Stans,ST,1,train
20230606T101459_000938,North Africa & Middle East,ME,1,train
20230607T062035_002452,North Africa & Middle East,ME,1,train
20230607T062035_002454,North Africa & Middle East,ME,1,train
20230607T062333_002455,Stans,ST,8,train
20230607T062333_002456,Stans,ST,16,train
20230607T062333_002457,Stans,ST,1,train
20230607T062333_002458,Stans,ST,1,train
20230607T062333_002459,Stans,ST,1,train
20230607T062333_002460,Stans,ST,1,train
20230607T062333_002461,Stans,ST,4,train
20230607T062333_002462,Stans,ST,4,train
20230607T062333_002463,Stans,ST,30,train
20230607T062333_002464,Stans,ST,4,train
20230607T062333_002465,Stans,ST,4,train
20230607T062333_002466,Stans,ST,16,train
20230607T062333_002467,Stans,ST,4,train
20230607T062432_002470,Stans,ST,1,train
20230607T080031_002471,Stans,ST,1,train
20230607T092629_000935,North Africa & Middle East,ME,1,train
20230607T092641_000939,North Africa & Middle East,ME,1,train
20230607T092641_000940,North Africa & Middle East,ME,1,train
20230608T053135_000357,North Africa & Middle East,ME,1,train
20230608T053135_000358,North Africa & Middle East,ME,1,train
20230608T162322_000331,North America,AM,1,train
20230608T162322_000332,North America,AM,1,train
20230608T162322_000333,North America,AM,1,train
20230608T162322_000334,North America,AM,1,train
20230608T162322_000335,North America,AM,1,train
20230608T162322_000337,North America,AM,1,train
20230608T162322_000338,North America,AM,1,train
20230608T162334_000339,North America,AM,4,train
20230608T162334_000341,North America,AM,1,train
20230608T162334_000342,North America,AM,1,train
20230608T162334_000343,North America,AM,1,train
20230608T162334_000344,North America,AM,1,train
20230608T162334_000345,North America,AM,1,train
20230608T162346_000346,North America,AM,1,train
20230608T162346_000350,North America,AM,4,train
20230608T162346_000351,North America,AM,1,train
20230608T162346_000353,North America,AM,1,train
20230608T162346_000355,North America,AM,1,train
20230609T045106_000937,China & Mongolia,CM,1,val
20230609T075016_000934,North Africa & Middle East,ME,1,train
20230609T171010_000953,North America,AM,1,train
20230609T171133_000933,North America,AM,1,train
20230610T035759_000952,China & Mongolia,CM,1,val
20230610T053019_000941,North Africa & Middle East,ME,16,train
20230610T053019_000942,North Africa & Middle East,ME,1,train
20230610T053019_000943,North Africa & Middle East,ME,1,train
20230610T053019_000944,North Africa & Middle East,ME,4,train
20230610T053019_000945,North Africa & Middle East,ME,1,train
20230610T053019_000946,North Africa & Middle East,ME,4,train
20230610T053019_000947,North Africa & Middle East,ME,1,train
20230610T053019_000948,North Africa & Middle East,ME,1,train
20230610T053019_000949,North Africa & Middle East,ME,1,train
20230610T162155_000932,North America,AM,1,train
20230611T044427_000950,Stans,ST,1,train
20230611T044526_000951,Stans,ST,1,train
20230611T061638_000954,North Africa & Middle East,ME,1,train
20230612T022418_000328,China & Mongolia,CM,4,val
20230612T053253_000327,Stans,ST,1,train
20230612T162103_000319,North America,AM,16,train
20230612T162103_000320,North America,AM,1,train
20230613T044314_000035,Stans,ST,1,train
20230613T111348_000024,Stans,ST,1,train
20230613T111348_000025,Stans,ST,1,train
20230613T111348_000026,Stans,ST,1,train
20230613T111348_000027,Stans,ST,1,train
20230613T111348_000028,Stans,ST,1,train
20230613T111348_000029,Stans,ST,1,train
20230613T111348_000030,Stans,ST,1,train
20230613T111348_000032,Stans,ST,1,train
20230613T111348_000033,Stans,ST,1,train
20230614T102403_000043,Stans,ST,1,train
20230614T102403_000045,Stans,ST,1,train
20230614T102415_000044,Stans,ST,1,train
20230614T102415_000046,Stans,ST,1,train
20230614T102415_000047,Stans,ST,1,train
20230614T102415_000048,Stans,ST,1,train
20230614T102439_000049,Stans,ST,1,train
20230614T102451_000050,Stans,ST,1,train
20230614T102451_000051,Stans,ST,1,train
20230614T102451_000052,Stans,ST,1,train
20230614T193706_000038,North America,AM,1,train
20230616T115949_001030,North Africa & Middle East,ME,1,train
20230616T211343_001019,North America,AM,1,train
20230616T211419_001022,North America,AM,1,train
20230616T211419_001023,North America,AM,1,train
20230616T211419_001024,North America,AM,1,train
20230616T211419_001026,North America,AM,1,train
20230616T211419_001062,North America,AM,1,train
20230616T211419_001063,North America,AM,1,train
20230616T211431_001027,North America,AM,1,train
20230616T211431_001028,North America,AM,1,train
20230616T211431_001029,North America,AM,1,train
20230617T110003_001103,Europe,EU,1,train
20230619T080347_001158,SE Asia,AS,1,test
20230619T110748_001110,North Africa & Middle East,ME,1,train
20230620T084414_000003,Stans,ST,1,train
20230620T084414_000004,Stans,ST,1,train
20230620T084414_000005,Stans,ST,1,train
20230620T084414_000006,Stans,ST,1,train
20230620T084414_000007,Stans,ST,1,train
20230620T084414_000008,Stans,ST,1,train
20230620T084414_000010,Stans,ST,1,train
20230620T084414_000011,Stans,ST,1,train
20230620T084414_000012,Stans,ST,1,train
20230620T084414_000013,Stans,ST,1,train
20230620T084414_000014,Stans,ST,1,train
20230620T084414_000015,Stans,ST,1,train
20230620T084414_000016,Stans,ST,1,train
20230620T084414_000018,Stans,ST,1,train
20230620T084414_000019,Stans,ST,1,train
20230620T084414_000020,Stans,ST,1,train
20230620T084414_000022,Stans,ST,1,train
20230620T084426_000000,Stans,ST,16,train
20230620T084426_000001,Stans,ST,16,train
20230620T084426_000002,Stans,ST,1,train
20230620T084426_000017,Stans,ST,1,train
20230622T115037_000171,North Africa & Middle East,ME,1,train
20230622T193201_000323,North America,AM,1,train
20230622T193213_000325,North America,AM,1,train
20230624T052900_000179,Stans,ST,1,train
20230624T053036_000180,Stans,ST,1,train
20230625T031355_000215,China & Mongolia,CM,1,val
20230625T031355_000216,China & Mongolia,CM,1,val
20230625T061649_000174,Stans,ST,1,train
20230625T061649_000175,Stans,ST,1,train
20230625T061649_000176,Stans,ST,1,train
20230625T061846_000177,Stans,ST,1,train
20230625T061846_000178,Stans,ST,1,train
20230625T075248_000172,Europe,EU,1,train
20230625T075248_000173,Europe,EU,1,train
20230626T084004_000169,North Africa & Middle East,ME,1,train
20230626T101232_000144,North Africa & Middle East,ME,1,train
20230626T101232_000145,North Africa & Middle East,ME,1,train
20230626T101232_000146,North Africa & Middle East,ME,1,train
20230626T101232_000147,North Africa & Middle East,ME,1,train
20230626T101343_000150,North Africa & Middle East,ME,1,train
20230627T030822_000060,China & Mongolia,CM,4,val
20230627T044231_000056,Stans,ST,1,train
20230627T075201_000053,North Africa & Middle East,ME,1,train
20230627T075201_000054,North Africa & Middle East,ME,1,train
20230627T075201_000055,North Africa & Middle East,ME,1,train
20230628T052939_000077,Stans,ST,1,train
20230628T053236_000078,SE Asia,AS,1,test
20230628T053236_000080,SE Asia,AS,16,test
20230628T053324_000081,SE Asia,AS,1,test
20230628T161924_000066,North America,AM,1,train
20230629T013453_000138,China & Mongolia,CM,1,val
20230629T013453_000139,China & Mongolia,CM,1,val
20230629T013453_000140,China & Mongolia,CM,1,val
20230629T013453_000141,China & Mongolia,CM,4,val
20230629T013516_000142,China & Mongolia,CM,1,val
20230629T013516_000143,China & Mongolia,CM,1,val
20230629T044014_000112,Stans,ST,3,train
20230629T044050_000113,Stans,ST,1,train
20230629T044050_000114,Stans,ST,1,train
20230629T044050_000134,Stans,ST,1,train
20230629T044101_000133,Stans,ST,1,train
20230629T061416_000096,Europe,EU,1,train
20230629T061503_000097,North Africa & Middle East,ME,1,train
20230629T061626_000098,North Africa & Middle East,ME,4,train
20230629T061626_000099,North Africa & Middle East,ME,1,train
20230629T061626_001034,North Africa & Middle East,ME,16,train
20230629T061638_000100,North Africa & Middle East,ME,1,train
20230629T061638_001031,North Africa & Middle East,ME,1,train
20230629T061638_001032,North Africa & Middle East,ME,1,train
20230629T061650_000101,North Africa & Middle East,ME,16,train
20230629T061650_000102,North Africa & Middle East,ME,1,train
20230629T061650_000105,North Africa & Middle East,ME,4,train
20230629T061650_000106,North Africa & Middle East,ME,1,train
20230629T061650_001033,North Africa & Middle East,ME,1,train
20230629T061650_001035,North Africa & Middle East,ME,1,train
20230629T061727_000107,North Africa & Middle East,ME,1,train
20230629T061850_000110,North Africa & Middle East,ME,4,train
20230629T154042_000089,South America & South Africa,SA,1,test
20230630T070649_000065,North Africa & Middle East,ME,1,train
20230630T102358_000161,South America & South Africa,SA,1,test
20230630T161728_000153,North America,AM,1,train
20230723T173639_001509,South America & South Africa,SA,1,test
20230725T100532_001582,SE Asia,AS,1,test
20230725T113904_001576,North Africa & Middle East,ME,1,train
20230725T113927_001577,North Africa & Middle East,ME,1,train
20230725T113927_001578,North Africa & Middle East,ME,1,train
20230726T105355_001612,Stans,ST,1,train
20230726T105355_001613,Stans,ST,1,train
20230726T105355_001614,Stans,ST,1,train
20230726T105454_001616,Stans,ST,1,train
20230726T135714_001604,North Africa & Middle East,ME,1,train
20230728T105313_001636,Stans,ST,1,train
20230728T105313_001637,Stans,ST,1,train
20230728T105313_001639,Stans,ST,4,train
20230728T105313_001640,Stans,ST,1,train
20230728T105313_001641,Stans,ST,4,train
20230729T100252_000289,North Africa & Middle East,ME,1,train
20230729T100252_000290,North Africa & Middle East,ME,1,train
20230729T100252_000292,North Africa & Middle East,ME,1,train
20230729T100252_000293,North Africa & Middle East,ME,1,train
20230729T100630_000234,Stans,ST,1,train
20230729T100630_000294,Stans,ST,1,train
20230729T100630_000298,Stans,ST,1,train
20230729T130854_000280,North Africa & Middle East,ME,1,train
20230729T131041_000278,Europe,EU,1,train
20230729T205342_000275,North America,AM,1,train
20230730T091451_000374,North Africa & Middle East,ME,1,train
20230730T104800_000373,North Africa & Middle East,ME,1,train
20230730T122047_000364,North Africa & Middle East,ME,1,train
20230730T122047_000368,North Africa & Middle East,ME,1,train
20230731T065804_000415,China & Mongolia,CM,1,val
20230731T130706_000407,North Africa & Middle East,ME,1,train
20230731T130804_001735,North Africa & Middle East,ME,1,train
20230731T191810_000405,North America,AM,1,train
20230731T191810_000406,North America,AM,1,train
20230731T191822_000404,North America,AM,1,train
20230731T191834_000399,North America,AM,1,train
20230731T191834_000400,North America,AM,1,train
20230731T191834_000401,North America,AM,1,train
20230731T191834_000403,North America,AM,1,train
20230731T191846_000394,North America,AM,1,train
20230731T191846_000395,North America,AM,1,train
20230731T191846_000396,North America,AM,1,train
20230731T191846_000398,North America,AM,1,train
20230801T091636_000433,Stans,ST,4,train
20230801T091636_000434,Stans,ST,1,train
20230801T091636_000436,Stans,ST,1,train
20230801T091636_000438,Stans,ST,16,train
20230801T091648_000439,Stans,ST,7,train
20230801T091648_000440,Stans,ST,16,train
20230801T091648_000441,Stans,ST,4,train
20230801T091648_000442,Stans,ST,16,train
20230802T082547_000454,North Africa & Middle East,ME,4,train
20230802T082547_000455,North Africa & Middle East,ME,4,train
20230802T082610_000456,North Africa & Middle East,ME,4,train
20230802T082610_000457,North Africa & Middle East,ME,1,train
20230802T082610_001738,North Africa & Middle East,ME,4,train
20230802T082953_000458,Stans,ST,1,train
20230802T113411_000451,Europe,EU,1,train
20230803T092103_000480,Stans,ST,1,train
20230803T104831_000466,Europe,EU,1,train
20230804T052223_000977,China & Mongolia,CM,1,val
20230804T082559_000972,North Africa & Middle East,ME,1,train
20230804T082948_000973,Stans,ST,1,train
20230804T113111_000969,North Africa & Middle East,ME,1,train
20230804T174129_000965,North America,AM,1,train
20230804T174141_000963,North America,AM,1,train
20230804T174141_000964,North America,AM,1,train
20230804T174141_000966,North America,AM,1,train
20230805T060827_000999,China & Mongolia,CM,1,val
20230805T073838_000995,North Africa & Middle East,ME,1,train
20230805T073838_000996,North Africa & Middle East,ME,1,train
20230805T074037_000997,Stans,ST,1,train
20230805T090852_000985,North Africa & Middle East,ME,1,train
20230805T090904_000986,North Africa & Middle East,ME,1,train
20230805T090915_000988,North Africa & Middle East,ME,1,train
20230806T034659_001088,China & Mongolia,CM,1,val
20230806T034659_001089,China & Mongolia,CM,1,val
20230806T034803_001092,China & Mongolia,CM,1,val
20230806T065231_001081,Stans,ST,1,train
20230807T073511_001100,North Africa & Middle East,ME,1,train
20230807T073511_001178,North Africa & Middle East,ME,1,train
20230807T073622_001205,North Africa & Middle East,ME,1,train
20230807T090655_001097,North Africa & Middle East,ME,1,train
20230807T090655_001098,North Africa & Middle East,ME,1,train
20230809T043025_001378,China & Mongolia,CM,8,val
20230809T060151_001371,North Africa & Middle East,ME,35,train
20230809T060349_001372,Stans,ST,1,train
20230809T073200_001342,North Africa & Middle East,ME,1,train
20230809T073200_001344,North Africa & Middle East,ME,1,train
20230809T073212_001345,North Africa & Middle East,ME,1,train
20230809T165040_001305,North America,AM,1,train
20230810T051516_001384,Stans,ST,1,train
20230810T051528_001407,Stans,ST,1,train
20230810T051552_001410,Stans,ST,1,train
20230810T051552_001411,Stans,ST,1,train
20230810T065140_001399,Stans,ST,1,train
20230814T065712_001504,Stans,ST,1,train
20230814T100720_001443,Europe,EU,1,train
20230814T100819_001437,Stans,ST,1,train
20230814T101018_001458,Stans,ST,1,train
20230814T101106_001476,Stans,ST,1,train
20230814T101117_001483,Stans,ST,1,train
20230814T101117_001484,Stans,ST,1,train
20230814T101117_001485,Stans,ST,1,train
20230814T101129_001486,Stans,ST,1,train
20230814T101129_001488,Stans,ST,1,train
20230814T145126_001439,North Africa & Middle East,ME,1,train
20230814T145225_001440,North Africa & Middle East,ME,1,train
20230815T092026_001177,Stans,ST,1,train
20230816T101038_001545,Stans,ST,4,train
20230816T101050_001546,Stans,ST,1,train
20230816T101050_001547,Stans,ST,4,train
20230816T101050_001548,Stans,ST,4,train
20230816T101050_001549,Stans,ST,1,train
20230816T101050_001551,Stans,ST,16,train
20230816T114856_001543,North Africa & Middle East,ME,4,train
20230816T131716_001541,Europe,EU,1,train
20230817T092416_001189,Stans,ST,1,train
20230817T092416_001190,Stans,ST,1,train
20230817T105803_001183,North Africa & Middle East,ME,1,train
20230817T105803_001184,North Africa & Middle East,ME,1,train
20230817T105803_001185,North Africa & Middle East,ME,1,train
20230817T105803_001186,North Africa & Middle East,ME,1,train
20230817T105803_001187,North Africa & Middle East,ME,1,train
20230817T201510_001181,North America,AM,1,train
20230818T210019_001125,North America,AM,1,train
20230819T122933_001928,Europe,EU,1,train
20230820T052822_002901,China & Mongolia,CM,1,val
20230820T101414_002597,North Africa & Middle East,ME,4,train
20230820T114234_002232,Europe,EU,1,train
20230820T114234_002233,Europe,EU,1,train
20230820T192843_001073,North America,AM,1,train
20230820T192855_002230,North America,AM,1,train
20230820T192855_002231,North America,AM,1,train
20230821T092516_002904,North Africa & Middle East,ME,1,train
20230821T184129_002902,North America,AM,1,train
20230821T184129_002903,North America,AM,1,train
20230822T070014_002911,Stans,ST,1,train
20230822T101103_002910,North Africa & Middle East,ME,1,train
20230822T175229_002905,North America,AM,4,train
20230822T192519_002906,North America,AM,1,train
20230822T192531_002907,North America,AM,1,train
20230823T091747_001009,Europe,EU,4,train
20230823T091747_001010,Europe,EU,4,train
20230823T092349_001011,North Africa & Middle East,ME,1,train
20230823T105629_001006,North Africa & Middle East,ME,1,train
20230823T170609_001002,North America,AM,1,train
20230824T070037_001061,Stans,ST,4,train
20230824T070049_001057,Stans,ST,16,train
20230824T070049_001058,Stans,ST,16,train
20230824T070049_001059,Stans,ST,1,train
20230824T070049_001193,Stans,ST,16,train
20230824T070101_001048,Stans,ST,1,train
20230824T070101_001049,Stans,ST,1,train
20230824T070101_001050,Stans,ST,4,train
20230824T070101_001051,Stans,ST,1,train
20230824T070101_001052,Stans,ST,16,train
20230824T070101_001053,Stans,ST,4,train
20230824T083907_001045,North Africa & Middle East,ME,1,train
20230824T083931_001044,North Africa & Middle East,ME,4,train
20230824T175337_001036,North America,AM,4,train
20230824T175337_001037,North America,AM,1,train
20230824T175337_001038,North America,AM,1,train
20230824T175401_001039,North America,AM,1,train
20230825T061313_001116,Stans,ST,4,train
20230825T074743_001112,Europe,EU,1,train
20230825T075005_001114,North Africa & Middle East,ME,1,train
20230825T075005_001115,North Africa & Middle East,ME,1,train
20230825T170557_001108,North America,AM,1,train
20230825T170609_001109,North America,AM,4,train
20230825T170609_001111,North America,AM,16,train
20230826T052620_001176,Stans,ST,1,train
20230826T052620_002598,Stans,ST,1,train
20230826T083522_001171,North Africa & Middle East,ME,4,train
20230826T083546_001173,North Africa & Middle East,ME,4,train
20230826T083546_001174,North Africa & Middle East,ME,1,train
20230826T100604_001166,North Africa & Middle East,ME,1,train
20230826T100604_001167,North Africa & Middle East,ME,1,train
20230826T100735_001168,North Africa & Middle East,ME,4,train
20230826T100834_001169,North Africa & Middle East,ME,1,train
20230826T100834_001170,North Africa & Middle East,ME,1,train
20230828T070235_001203,North Africa & Middle East,ME,1,train
20230828T070310_001204,North Africa & Middle East,ME,16,train
20230828T083409_001201,North Africa & Middle East,ME,16,train
20230828T083421_001202,North Africa & Middle East,ME,4,train
20230901T035204_002022,SE Asia,AS,1,test
20230903T010049_001659,Australia,AU,1,val
20230908T141043_000225,South America & South Africa,SA,1,test
20230915T042628_001340,Australia,AU,1,val
20230922T144828_001561,North Africa & Middle East,ME,1,train
20230924T114253_001435,North Africa & Middle East,ME,1,train
20230924T114413_001436,North Africa & Middle East,ME,1,train
20230924T205757_001429,North America,AM,1,train
20230925T140134_001553,North Africa & Middle East,ME,1,train
20230925T140134_001554,North Africa & Middle East,ME,1,train
20230925T140134_001555,North Africa & Middle East,ME,1,train
20230925T140134_001556,North Africa & Middle East,ME,1,train
20230925T140134_001557,North Africa & Middle East,ME,1,train
20230925T140134_001558,North Africa & Middle East,ME,1,train
20230926T114119_001752,North Africa & Middle East,ME,1,train
20230926T114119_001753,North Africa & Middle East,ME,1,train
20230926T114131_001754,North Africa & Middle East,ME,1,train
20230926T114143_001755,North Africa & Middle East,ME,1,train
20230926T114317_001764,Europe,EU,4,train
20230926T114317_001765,Europe,EU,1,train
20230927T201114_001782,North America,AM,1,train
20230928T083655_001709,China & Mongolia,CM,1,val
20230928T100133_001702,North Africa & Middle East,ME,1,train
20230928T101011_001705,Stans,ST,1,train
20230928T114538_001694,Europe,EU,1,train
20230929T074459_001712,SE Asia,AS,1,test
20230929T122534_001683,North Africa & Middle East,ME,1,train
20230929T122534_001686,North Africa & Middle East,ME,1,train
20230929T122534_001687,North Africa & Middle East,ME,1,train
20230930T100531_001696,North Africa & Middle East,ME,1,train
20230930T100543_001698,North Africa & Middle East,ME,4,train
20230930T113706_001688,North Africa & Middle East,ME,1,train
20230930T113730_001690,North Africa & Middle East,ME,1,train
20231001T074225_001810,North Africa & Middle East,ME,1,train
20231002T082455_001819,South America & South Africa,SA,1,test
20231002T083111_001823,North Africa & Middle East,ME,4,train
20231002T113907_001813,Europe,EU,1,train
20231003T060928_001601,SE Asia,AS,16,test
20231003T074203_001593,North Africa & Middle East,ME,16,train
20231003T074617_001594,Stans,ST,1,train
20231003T074641_001595,Stans,ST,1,train
20231003T074704_001596,Stans,ST,5,train
20231003T074704_001597,Stans,ST,1,train
20231003T074704_001598,Stans,ST,1,train
20231003T074716_001599,Stans,ST,1,train
20231003T074752_001600,Stans,ST,1,train
20231003T091635_001591,North Africa & Middle East,ME,1,train
20231004T083136_001623,North Africa & Middle East,ME,4,train
20231004T083136_001624,North Africa & Middle East,ME,1,train
20231004T083136_001625,North Africa & Middle East,ME,1,train
20231004T174732_001454,North America,AM,1,train
20231004T174744_001447,North America,AM,1,train
20231004T174744_001448,North America,AM,1,train
20231004T174744_001449,North America,AM,1,train
20231004T174744_001450,North America,AM,1,train
20231004T174744_001451,North America,AM,1,train
20231004T174744_001452,North America,AM,1,train
20231004T174744_001453,North America,AM,1,train
20231005T060719_001574,North Africa & Middle East,ME,1,train
20231005T092154_001572,Europe,EU,1,train
20231006T052152_002599,SE Asia,AS,1,test
20231006T065521_001587,North Africa & Middle East,ME,16,train
20231006T065545_001588,North Africa & Middle East,ME,1,train
20231006T065557_001589,North Africa & Middle East,ME,1,train
20231006T065557_001590,North Africa & Middle East,ME,1,train
20231006T082735_001586,North Africa & Middle East,ME,16,train
20231006T100206_001579,North Africa & Middle East,ME,1,train
20231006T100206_001580,North Africa & Middle East,ME,1,train
20231006T100206_001581,North Africa & Middle East,ME,1,train
20231006T100206_001583,North Africa & Middle East,ME,1,train
20231006T100206_001584,North Africa & Middle East,ME,1,train
20231007T091407_002682,North Africa & Middle East,ME,1,train
20231008T051536_001631,North Africa & Middle East,ME,4,train
20231008T051536_001633,North Africa & Middle East,ME,16,train
20231008T051548_001634,North Africa & Middle East,ME,1,train
20231008T052616_001635,China & Mongolia,CM,1,val
20231008T100218_001628,Europe,EU,1,train
20231008T161115_001520,North America,AM,1,train
20231008T161115_001522,North America,AM,1,train
20231008T161127_001524,North America,AM,1,train
20231008T161127_001525,North America,AM,1,train
20231008T161127_001526,North America,AM,1,train
20231008T161127_001527,North America,AM,1,train
20231008T161127_001528,North America,AM,1,train
20231008T161127_001529,North America,AM,1,train
20231008T161127_001530,North America,AM,1,train
20231008T161127_001531,North America,AM,1,train
20231008T161127_001532,North America,AM,1,train
20231008T161127_001534,North America,AM,1,train
20231008T174613_001620,North America,AM,16,train
20231009T043059_001646,North Africa & Middle East,ME,1,train
20231009T060956_002600,Stans,ST,1,train
20231009T060956_002601,Stans,ST,4,train
20231009T060956_002602,Stans,ST,1,train
20231009T060956_002603,Stans,ST,4,train
20231009T060956_002604,Stans,ST,1,train
20231009T060956_002605,Stans,ST,1,train
20231009T060956_002606,Stans,ST,1,train
20231009T060956_002607,Stans,ST,36,train
20231009T060956_002608,Stans,ST,1,train
20231009T091423_001643,Europe,EU,1,train
20231009T170025_001638,North America,AM,4,train
20231010T021646_001652,China & Mongolia,CM,1,val
20231010T051848_001647,North Africa & Middle East,ME,1,train
20231010T051900_001648,North Africa & Middle East,ME,4,train
20231010T051923_001649,North Africa & Middle East,ME,1,train
20231010T051923_001650,North Africa & Middle East,ME,4,train
20231010T051923_001651,North Africa & Middle East,ME,1,train
20231011T013158_001763,China & Mongolia,CM,1,val
20231011T043557_001756,Stans,ST,1,train
20231013T110035_001654,Europe,EU,4,train
20231013T110035_001655,Europe,EU,1,train
20231014T101554_001715,Stans,ST,1,train
20231014T101606_001720,Stans,ST,1,train
20231014T101606_001721,Stans,ST,1,train
20231015T075558_001730,China & Mongolia,CM,1,val
20231015T075558_001731,China & Mongolia,CM,1,val
20231015T092458_001729,Stans,ST,1,train
20231016T101018_001733,Europe,EU,1,train
20231016T114853_001732,North Africa & Middle East,ME,4,train
20231018T101446_002612,North Africa & Middle East,ME,4,train
20231019T110439_001668,North Africa & Middle East,ME,4,train
20231020T052729_001671,China & Mongolia,CM,4,val
20231020T052752_001672,China & Mongolia,CM,1,val
20231023T030900_001847,China & Mongolia,CM,1,val
20231023T075004_001844,North Africa & Middle East,ME,16,train
20231023T092142_001842,Europe,EU,1,train
20231024T070157_001860,Stans,ST,16,train
20231024T070209_001861,Stans,ST,16,train
20231024T100947_001857,North Africa & Middle East,ME,1,train
20231025T061531_001867,Stans,ST,16,train
20231025T061531_001868,Stans,ST,1,train
20231025T061531_001869,Stans,ST,1,train
20231025T061531_001870,Stans,ST,1,train
20231025T061531_001871,Stans,ST,1,train
20231025T170354_001865,North America,AM,1,train
20231025T170406_001866,North America,AM,1,train
20231026T022145_001879,China & Mongolia,CM,1,val
20231026T052647_001876,Stans,ST,1,train
20231026T052735_001878,Stans,ST,1,train
20231026T070106_001875,Europe,EU,1,train
20231026T083653_001873,North Africa & Middle East,ME,1,train
20231026T083653_001874,North Africa & Middle East,ME,1,train
20231027T061434_001888,North Africa & Middle East,ME,1,train
20231027T061434_001889,North Africa & Middle East,ME,4,train
20231027T153239_001882,North America,AM,1,train
20231027T170714_001885,North America,AM,1,train
20231028T070104_001904,North Africa & Middle East,ME,1,train
20231028T070116_001903,North Africa & Middle East,ME,1,train
20231028T083416_001902,North Africa & Middle East,ME,4,train
20231028T161900_001892,North America,AM,1,train
20231028T161900_001893,North America,AM,1,train
20231028T161900_001894,North America,AM,1,train
20231028T161900_001897,North America,AM,1,train
20231029T031032_001939,SE Asia,AS,1,test
20231029T061539_001938,North Africa & Middle East,ME,4,train
20231030T035533_001942,SE Asia,AS,1,test
20231030T035545_001941,SE Asia,AS,1,test
20231030T035545_001943,SE Asia,AS,1,test
20231101T083438_001927,North Africa & Middle East,ME,1,train
20231105T150054_001913,South America & South Africa,SA,4,test
20231107T005349_001918,Australia,AU,1,val
20231121T122543_001952,North Africa & Middle East,ME,1,train
20231124T142642_001959,South America & South Africa,SA,21,test
20231125T092220_001970,SE Asia,AS,1,test
20231125T105540_001965,North Africa & Middle East,ME,1,train
20231125T105540_001966,North Africa & Middle East,ME,4,train
20231125T105540_001967,North Africa & Middle East,ME,1,train
20231127T091946_001976,North Africa & Middle East,ME,1,train
20231127T140054_001975,North Africa & Middle East,ME,1,train
20231128T234458_001979,Australia,AU,1,val
20231129T092012_001980,North Africa & Middle East,ME,4,train
20231129T092012_001981,North Africa & Middle East,ME,4,train
20231129T092024_001982,North Africa & Middle East,ME,4,train
20231130T083154_001988,North Africa & Middle East,ME,1,train
20231130T100525_001984,North Africa & Middle East,ME,1,train
20231130T100736_001987,North Africa & Middle East,ME,1,train
20231130T113800_001983,North Africa & Middle East,ME,16,train
20231130T220644_001993,Australia,AU,16,val
20231201T074307_002001,North Africa & Middle East,ME,4,train
20231201T183525_001999,North America,AM,1,train
20231201T183549_001994,North America,AM,16,train
20231201T183549_001995,North America,AM,1,train
20231201T183549_001996,North America,AM,1,train
20231201T183549_001997,North America,AM,1,train
20231201T183601_001998,North America,AM,1,train
20231202T083256_002088,North Africa & Middle East,ME,16,train
20231202T083339_002098,Stans,ST,4,train
20231202T083339_002099,Stans,ST,1,train
20231202T083339_002100,Stans,ST,1,train
20231202T083339_002101,Stans,ST,1,train
20231202T083351_002012,Stans,ST,4,train
20231202T083351_002089,Stans,ST,1,train
20231202T083351_002090,Stans,ST,1,train
20231202T083351_002091,Stans,ST,1,train
20231202T083351_002092,Stans,ST,1,train
20231202T083351_002094,Stans,ST,1,train
20231202T083351_002095,Stans,ST,1,train
20231202T083351_002096,Stans,ST,4,train
20231202T083351_002097,Stans,ST,4,train
20231204T083032_002016,North Africa & Middle East,ME,1,train
20231204T100051_002013,North Africa & Middle East,ME,1,train
20231204T100051_002014,North Africa & Middle East,ME,1,train
20231204T100051_002015,North Africa & Middle East,ME,4,train
20231204T174618_002010,North America,AM,1,train
20231205T060547_002130,North Africa & Middle East,ME,1,train
20231205T060547_002131,North Africa & Middle East,ME,1,train
20231205T074338_002150,Europe,EU,1,train
20231205T165825_002138,North America,AM,1,train
20231205T165825_002139,North America,AM,1,train
20231205T165825_002140,North America,AM,1,train
20231205T165825_002141,North America,AM,1,train
20231205T165825_002142,North America,AM,1,train
20231205T165825_002144,North America,AM,1,train
20231205T165825_002146,North America,AM,1,train
20231205T165837_002145,North America,AM,1,train
20231206T082558_002180,North Africa & Middle East,ME,1,train
20231206T082610_002181,North Africa & Middle East,ME,1,train
20231217T092625_002159,SE Asia,AS,1,test
20231217T123027_002154,North Africa & Middle East,ME,1,train
20231217T201338_002751,North America,AM,1,train
20231217T201338_002752,North America,AM,1,train
20231220T083556_002753,SE Asia,AS,1,test
20231222T035001_002224,China & Mongolia,CM,1,val
20231222T035001_002225,China & Mongolia,CM,4,val
20231223T092103_002205,North Africa & Middle East,ME,4,train
20231223T123006_002161,South America & South Africa,SA,1,test
20231224T065746_002283,SE Asia,AS,1,test
20231224T065746_002284,SE Asia,AS,1,test
20231224T174533_002249,North America,AM,1,train
20231224T174533_002250,North America,AM,1,train
20231224T174533_002255,North America,AM,1,train
20231224T174533_002259,North America,AM,1,train
20231224T174533_002266,North America,AM,1,train
20231224T174533_002267,North America,AM,1,train
20231224T174533_002613,North America,AM,1,train
20231224T174545_002261,North America,AM,1,train
20231224T174545_002264,North America,AM,1,train
20231225T043707_002351,SE Asia,AS,16,test
20231226T065426_002301,North Africa & Middle East,ME,1,train
20231226T065450_002302,North Africa & Middle East,ME,1,train
20231226T065514_002303,North Africa & Middle East,ME,1,train
20231226T082757_002298,North Africa & Middle East,ME,16,train
20231226T082757_002299,North Africa & Middle East,ME,4,train
20231226T180707_002296,South America & South Africa,SA,16,test
20240105T145150_002313,South America & South Africa,SA,1,test
20240109T131423_002417,South America & South Africa,SA,4,test
20240112T185917_002429,South America & South Africa,SA,6,test
20240120T154941_002576,South America & South Africa,SA,6,test
20240122T154754_002618,South America & South Africa,SA,1,test
20240125T090838_002235,SE Asia,AS,1,test
20240126T130103_002614,North Africa & Middle East,ME,1,train
20240127T195904_002474,North America,AM,9,train
20240127T195904_002475,North America,AM,1,train
20240127T195904_002477,North America,AM,1,train
20240127T195915_002240,North America,AM,1,train
20240127T195915_002473,North America,AM,1,train
20240128T191103_002485,North America,AM,1,train
20240128T191103_002486,North America,AM,1,train
20240128T191115_002483,North America,AM,1,train
20240129T042245_002569,SE Asia,AS,1,test
20240129T090750_002564,North Africa & Middle East,ME,1,train
20240129T090750_002565,North Africa & Middle East,ME,1,train
20240129T090750_002567,North Africa & Middle East,ME,1,train
20240129T090750_002568,North Africa & Middle East,ME,1,train
20240129T150516_002559,South America & South Africa,SA,1,test
20240129T182622_002551,North America,AM,1,train
20240129T195857_002555,North America,AM,1,train
20240129T195956_002554,North America,AM,1,train
20240130T051728_002499,China & Mongolia,CM,1,val
20240130T051728_002500,China & Mongolia,CM,1,val
20240130T051752_002504,China & Mongolia,CM,16,val
20240130T051816_002507,China & Mongolia,CM,1,val
20240130T051816_002508,China & Mongolia,CM,1,val
20240130T051816_002511,China & Mongolia,CM,1,val
20240130T051816_002514,China & Mongolia,CM,1,val
20240130T112610_002547,North Africa & Middle East,ME,1,train
20240130T123634_002541,South America & South Africa,SA,1,test
20240130T173950_002540,North America,AM,1,train
20240131T090823_002535,North Africa & Middle East,ME,1,train
20240131T182459_002534,North America,AM,1,train
20240201T082310_002630,Stans,ST,1,train
20240201T082310_002631,Stans,ST,1,train
20240201T082310_002632,Stans,ST,1,train
20240201T082418_002633,Stans,ST,4,train
20240201T142458_002629,South America & South Africa,SA,1,test
20240202T165156_002642,North America,AM,1,train
20240202T165156_002643,North America,AM,4,train
20240202T165156_002644,North America,AM,4,train
20240203T095138_002572,North Africa & Middle East,ME,4,train
20240203T095138_002573,North Africa & Middle East,ME,4,train
20240203T095138_002574,North Africa & Middle East,ME,16,train
20240203T095138_002575,North Africa & Middle East,ME,4,train
20240205T051601_002616,China & Mongolia,CM,16,val
20240205T051613_002615,China & Mongolia,CM,1,val
20240212T214820_002702,North America,AM,1,train
20240212T214820_002704,North America,AM,1,train
20240212T214820_002705,North America,AM,1,train
20240212T214832_002706,North America,AM,1,train
20240212T214843_002709,North America,AM,16,train
20240213T114518_002722,North Africa & Middle East,ME,4,train
20240214T092053_002691,Stans,ST,1,train
20240214T092117_002694,Stans,ST,4,train
20240214T105658_002688,North Africa & Middle East,ME,1,train
20240214T105658_002689,North Africa & Middle East,ME,1,train
20240214T105733_002690,North Africa & Middle East,ME,16,train
20240215T193425_002735,South America & South Africa,SA,16,test
20240215T193436_002736,South America & South Africa,SA,1,test
20240216T105741_002748,North Africa & Middle East,ME,4,train
20240217T052644_002781,China & Mongolia,CM,1,val
20240217T052707_002783,China & Mongolia,CM,1,val
20240217T052731_002785,China & Mongolia,CM,16,val
20240217T052731_002789,China & Mongolia,CM,1,val
20240217T052731_002790,China & Mongolia,CM,1,val
20240217T100816_002777,North Africa & Middle East,ME,1,train
20240218T122651_002699,North Africa & Middle East,ME,1,train
20240223T161050_002807,North America,AM,1,train
20240224T060941_002818,SE Asia,AS,1,test
20240224T060941_002820,SE Asia,AS,1,test
20240224T061016_002823,SE Asia,AS,16,test
20240224T091458_002815,North Africa & Middle East,ME,1,train
20240224T165801_002812,North America,AM,1,train
20240225T021302_002832,China & Mongolia,CM,1,val
20240225T021302_002845,China & Mongolia,CM,1,val
20240225T021302_002846,China & Mongolia,CM,1,val
20240225T021302_002847,China & Mongolia,CM,4,val
20240225T021314_002833,China & Mongolia,CM,1,val
20240225T021326_002848,China & Mongolia,CM,4,val
20240225T021326_002849,China & Mongolia,CM,4,val
20240225T021326_002850,China & Mongolia,CM,1,val
20240225T021326_002852,China & Mongolia,CM,1,val
20240225T021326_002854,China & Mongolia,CM,1,val
20240225T021326_002856,China & Mongolia,CM,1,val
20240225T021326_002858,China & Mongolia,CM,1,val
20240225T021338_002859,China & Mongolia,CM,4,val
20240225T021349_002863,China & Mongolia,CM,1,val
20240225T021349_002865,China & Mongolia,CM,1,val
20240225T021349_002866,China & Mongolia,CM,1,val
20240225T021349_002867,China & Mongolia,CM,1,val
20240225T021349_002872,China & Mongolia,CM,1,val
20240225T021349_002873,China & Mongolia,CM,1,val
20240225T021349_002874,China & Mongolia,CM,1,val
20240225T021349_002875,China & Mongolia,CM,1,val
20240225T021401_002871,China & Mongolia,CM,4,val
20240225T021401_002877,China & Mongolia,CM,1,val
20240225T021401_002878,China & Mongolia,CM,1,val
20240225T041108_002881,Australia,AU,1,val
20240225T041108_002884,Australia,AU,1,val
20240225T160927_002825,North America,AM,4,train
20240225T160927_002826,North America,AM,1,train
20240226T074044_002763,North Africa & Middle East,ME,1,train
20240226T074056_002764,North Africa & Middle East,ME,1,train
20240226T074143_002765,North Africa & Middle East,ME,1,train
20240226T074353_002767,North Africa & Middle East,ME,1,train
20240226T091316_002761,North Africa & Middle East,ME,4,train
20240226T091316_002762,North Africa & Middle East,ME,1,train
20240226T091415_002759,North Africa & Middle East,ME,1,train
20240226T091415_002760,North Africa & Middle East,ME,1,train
20240226T091427_002756,North Africa & Middle East,ME,1,train
20240226T091427_002757,North Africa & Middle East,ME,1,train
20240226T091427_002758,North Africa & Middle East,ME,1,train
20240226T170104_002754,North America,AM,1,train
20240226T170140_002196,North America,AM,1,train
20240227T065331_002770,North Africa & Middle East,ME,4,train
20240227T180646_002768,South America & South Africa,SA,1,test
20240228T030250_002798,SE Asia,AS,1,test
20240228T043521_002794,SE Asia,AS,4,test
20240228T043557_002797,SE Asia,AS,1,test
20240302T163257_002900,South America & South Africa,SA,1,test
20240303T061034_002885,North Africa & Middle East,ME,4,train
20240305T123325_002889,South America & South Africa,SA,1,test
20240319T191259_002915,South America & South Africa,SA,1,test
20240321T083455_002920,SE Asia,AS,1,test
20240322T214509_002926,North America,AM,1,train
20240326T105614_002997,North Africa & Middle East,ME,1,train
20240326T105701_003001,Stans,ST,4,train
20240326T105701_003002,Stans,ST,1,train
20240326T201023_002993,North America,AM,1,train
20240327T070505_002992,China & Mongolia,CM,1,val
20240327T100708_002935,North Africa & Middle East,ME,1,train
20240327T100708_002936,North Africa & Middle East,ME,1,train
20240327T100708_002937,North Africa & Middle East,ME,1,train
20240327T131334_002934,North Africa & Middle East,ME,1,train
20240328T061714_002966,China & Mongolia,CM,1,val
20240328T061714_002969,China & Mongolia,CM,1,val
20240328T061714_002973,China & Mongolia,CM,1,val
20240328T061714_002974,China & Mongolia,CM,1,val
20240328T061714_002975,China & Mongolia,CM,1,val
20240328T061726_002972,China & Mongolia,CM,1,val
20240328T105328_002959,North Africa & Middle East,ME,1,train
20240328T105436_002962,North Africa & Middle East,ME,1,train
20240328T122508_002956,North Africa & Middle East,ME,1,train
20240328T201048_002954,North America,AM,4,train
20240329T192727_003062,North America,AM,1,train
20240331T113753_003106,North Africa & Middle East,ME,1,train
20240331T113753_003107,North Africa & Middle East,ME,1,train
20240331T113753_003108,North Africa & Middle East,ME,1,train
20240331T113753_003109,North Africa & Middle East,ME,1,train
20240331T113753_003110,North Africa & Middle East,ME,1,train
20240401T091851_003117,North Africa & Middle East,ME,4,train
20240401T091915_003118,North Africa & Middle East,ME,4,train
20240401T091915_003119,North Africa & Middle East,ME,1,train
20240401T091915_003120,North Africa & Middle East,ME,1,train
20240401T091938_003121,Europe,EU,16,train
20240403T074626_002989,Stans,ST,1,train
20240403T165815_002985,North America,AM,1,train
20240404T065336_003004,North Africa & Middle East,ME,4,train
20240404T065751_003003,Stans,ST,1,train
20240404T082837_003005,North Africa & Middle East,ME,4,train
20240404T160851_003006,North America,AM,1,train
20240405T074139_003007,North Africa & Middle East,ME,16,train
20240405T170129_002977,North America,AM,36,train
20240406T051831_003131,North Africa & Middle East,ME,1,train
20240407T152744_003123,North America,AM,1,train
20240408T052206_003013,Stans,ST,1,train
20240408T052206_003014,Stans,ST,1,train
20240408T052254_003015,Stans,ST,4,train
20240409T074435_003022,Europe,EU,10,train
20240413T075328_003129,China & Mongolia,CM,4,val
20240414T145436_003025,North Africa & Middle East,ME,4,train
20240415T062117_003034,China & Mongolia,CM,1,val
20240415T062117_003035,China & Mongolia,CM,1,val
20240415T062129_003037,China & Mongolia,CM,1,val
20240415T062141_003039,China & Mongolia,CM,1,val
20240415T062141_003042,China & Mongolia,CM,1,val
20240415T062141_003043,China & Mongolia,CM,1,val
20240415T062141_003044,China & Mongolia,CM,1,val
20240415T062152_003045,China & Mongolia,CM,1,val
20240415T062152_003046,China & Mongolia,CM,1,val
20240415T062152_003048,China & Mongolia,CM,1,val
20240415T092556_003027,Stans,ST,1,train
20240415T092556_003029,Stans,ST,1,train
20240415T092556_003031,Stans,ST,1,train
20240415T092556_003032,Stans,ST,1,train
20240416T070636_003140,China & Mongolia,CM,1,val
20240416T131651_003132,Europe,EU,1,train
20240416T131651_003133,Europe,EU,1,train
20240416T132003_003520,North Africa & Middle East,ME,1,train
20240417T105931_003184,North Africa & Middle East,ME,1,train
20240418T084009_003521,SE Asia,AS,1,test
20240418T114539_003522,North Africa & Middle East,ME,1,train
20240419T092411_003185,North Africa & Middle East,ME,1,train
20240419T092423_003186,North Africa & Middle East,ME,4,train
20240419T092423_003187,North Africa & Middle East,ME,1,train
20240419T092435_003190,North Africa & Middle East,ME,1,train
20240419T092435_003191,North Africa & Middle East,ME,1,train
20240419T092435_003192,North Africa & Middle East,ME,1,train
20240419T092534_003193,North Africa & Middle East,ME,16,train
20240419T092546_003194,North Africa & Middle East,ME,1,train
20240419T092633_003523,North Africa & Middle East,ME,1,train
20240420T083501_003054,North Africa & Middle East,ME,1,train
20240420T101448_003053,North Africa & Middle East,ME,1,train
20240421T074619_003063,Stans,ST,1,train
20240421T074619_003064,Stans,ST,1,train
20240421T074619_003065,Stans,ST,1,train
20240421T074619_003069,Stans,ST,1,train
20240421T184222_003061,North America,AM,17,train
20240422T065849_003073,Stans,ST,1,train
20240422T065849_003074,Stans,ST,1,train
20240422T161339_003072,North America,AM,1,train
20240422T175102_003071,North America,AM,1,train
20240423T030434_003093,China & Mongolia,CM,1,val
20240423T030434_003094,China & Mongolia,CM,1,val
20240423T030434_003095,China & Mongolia,CM,1,val
20240423T030434_003096,China & Mongolia,CM,1,val
20240423T030446_003097,China & Mongolia,CM,1,val
20240423T030446_003098,China & Mongolia,CM,1,val
20240423T030446_003099,China & Mongolia,CM,1,val
20240423T030446_003103,China & Mongolia,CM,1,val
20240423T060958_003087,Stans,ST,1,train
20240423T060958_003088,Stans,ST,1,train
20240423T060958_003090,Stans,ST,4,train
20240423T060958_003091,Stans,ST,4,train
20240423T074559_003083,North Africa & Middle East,ME,1,train
20240424T065551_003156,North Africa & Middle East,ME,1,train
20240425T060638_003157,Stans,ST,1,train
20240426T021336_003161,China & Mongolia,CM,1,val
20240426T021336_003162,China & Mongolia,CM,1,val
20240426T021348_003163,China & Mongolia,CM,1,val
20240426T021359_003165,China & Mongolia,CM,1,val
20240426T065431_003151,North Africa & Middle East,ME,1,train
20240426T065455_003152,North Africa & Middle East,ME,1,train
20240426T065455_003154,North Africa & Middle East,ME,1,train
20240427T073906_003150,North Africa & Middle East,ME,1,train
20240427T170001_003146,North America,AM,1,train
20240428T161224_003147,North America,AM,1,train
20240429T043310_003158,SE Asia,AS,1,test
20240501T153055_002580,South America & South Africa,SA,1,test
20240501T153055_003142,South America & South Africa,SA,1,test
20240501T153107_003143,South America & South Africa,SA,4,test
20240517T170655_003168,South America & South Africa,SA,4,test
20240522T132049_003172,North Africa & Middle East,ME,1,train
20240523T075552_003174,China & Mongolia,CM,1,val
20240523T075552_003175,China & Mongolia,CM,4,val
20240523T075552_003178,China & Mongolia,CM,1,val
20240523T075604_003180,China & Mongolia,CM,1,val
20240523T075604_003182,China & Mongolia,CM,1,val
20240523T075604_003183,China & Mongolia,CM,1,val
20240524T114612_003200,Stans,ST,1,train
20240524T114624_003199,Stans,ST,1,train
20240524T114624_003201,Stans,ST,1,train
20240526T114627_003167,Stans,ST,1,train
20240530T131829_003208,Europe,EU,4,train
20240606T151017_003236,North America,AM,4,train
20240606T151017_003237,North America,AM,1,train
20240606T151017_003238,North America,AM,1,train
20240606T151017_003239,North America,AM,4,train
20240608T041803_003215,North Africa & Middle East,ME,1,train
20240608T041902_003216,SE Asia,AS,1,test
20240608T122634_003217,Stans,ST,1,train
20240608T122634_003218,Stans,ST,1,train
20240609T050226_003220,North Africa & Middle East,ME,4,train
20240609T050531_003221,North Africa & Middle East,ME,1,train
20240609T050543_003222,North Africa & Middle East,ME,1,train
20240609T050607_003225,North Africa & Middle East,ME,16,train
20240609T050607_003226,North Africa & Middle East,ME,1,train
20240609T142206_003219,North America,AM,4,train
20240610T011426_003234,China & Mongolia,CM,1,val
20240610T041628_003229,North Africa & Middle East,ME,4,train
20240610T041715_003230,North Africa & Middle East,ME,16,train
20240610T041727_003232,North Africa & Middle East,ME,1,train
20240610T041739_003233,North Africa & Middle East,ME,4,train
20240612T105308_003311,SE Asia,AS,1,test
20240612T135823_003244,North Africa & Middle East,ME,1,train
20240615T015805_003243,China & Mongolia,CM,4,val
20240619T050711_003329,Europe,EU,6,train
20240619T050711_003330,Europe,EU,7,train
20240623T064530_003252,Europe,EU,1,train
20240623T065329_003254,SE Asia,AS,1,test
20240623T082351_003251,North Africa & Middle East,ME,1,train
20240623T095646_003249,North Africa & Middle East,ME,1,train
20240624T025623_003265,China & Mongolia,CM,1,val
20240624T073352_003259,Europe,EU,1,train
20240624T073515_003260,Europe,EU,1,train
20240624T073538_003261,North Africa & Middle East,ME,1,train
20240624T073918_003262,North Africa & Middle East,ME,1,train
20240624T073918_003263,North Africa & Middle East,ME,1,train
20240624T151739_003256,North America,AM,4,train
20240624T151751_003257,North America,AM,1,train
20240625T020841_003286,China & Mongolia,CM,1,val
20240625T020904_003290,China & Mongolia,CM,1,val
20240625T020904_003291,China & Mongolia,CM,4,val
20240625T020904_003292,China & Mongolia,CM,1,val
20240625T020904_003293,China & Mongolia,CM,1,val
20240625T020940_003294,China & Mongolia,CM,1,val
20240625T020940_003295,China & Mongolia,CM,4,val
20240625T051339_003283,Stans,ST,1,train
20240625T051438_003284,Stans,ST,4,train
20240625T051438_003285,Stans,ST,1,train
20240625T064958_003275,North Africa & Middle East,ME,1,train
20240625T065010_003276,North Africa & Middle East,ME,1,train
20240625T065010_003277,North Africa & Middle East,ME,1,train
20240625T065021_003278,North Africa & Middle East,ME,1,train
20240625T065021_003279,North Africa & Middle East,ME,1,train
20240625T065045_003280,North Africa & Middle East,ME,16,train
20240625T065122_003281,North Africa & Middle East,ME,1,train
20240625T065122_003282,North Africa & Middle East,ME,1,train
20240625T082337_003269,North Africa & Middle East,ME,4,train
20240625T082337_003274,North Africa & Middle East,ME,1,train
20240625T082349_003270,North Africa & Middle East,ME,1,train
20240625T082349_003271,North Africa & Middle East,ME,1,train
20240625T082349_003272,North Africa & Middle East,ME,4,train
20240625T082349_003273,North Africa & Middle East,ME,4,train
20240625T173943_003268,North America,AM,1,train
20240626T060123_003300,North Africa & Middle East,ME,4,train
20240626T060135_003301,North Africa & Middle East,ME,1,train
20240627T064756_003362,North Africa & Middle East,ME,1,train
20240627T160544_003332,North America,AM,1,train
20240627T160655_003334,North America,AM,1,train
20240628T060014_003364,North Africa & Middle East,ME,1,train
20240701T145112_003312,South America & South Africa,SA,4,test
20240701T162527_003313,South America & South Africa,SA,16,test
20240702T042711_003317,North Africa & Middle East,ME,1,train
20240703T131452_003321,South America & South Africa,SA,4,test
20240703T131452_003324,South America & South Africa,SA,4,test
20240703T131504_003318,South America & South Africa,SA,1,test
20240703T131504_003319,South America & South Africa,SA,1,test
20240703T131504_003320,South America & South Africa,SA,16,test
20240703T145156_003325,South America & South Africa,SA,16,test
20240719T135301_003340,North Africa & Middle East,ME,1,train
20240719T165816_003339,North Africa & Middle East,ME,1,train
20240720T155223_003342,South America & South Africa,SA,1,test
20240720T155235_003344,South America & South Africa,SA,1,test
20240721T104340_003348,SE Asia,AS,1,test
20240722T112812_003353,North Africa & Middle East,ME,1,train
20240722T112859_003354,North Africa & Middle East,ME,1,train
20240722T112911_003355,North Africa & Middle East,ME,1,train
20240722T130241_003352,North Africa & Middle East,ME,1,train
20240722T143518_003350,North Africa & Middle East,ME,1,train
20240722T143518_003351,North Africa & Middle East,ME,1,train
20240728T095147_003382,North Africa & Middle East,ME,1,train
20240728T095147_003383,North Africa & Middle East,ME,1,train
20240728T095246_003384,Stans,ST,16,train
20240728T095246_003385,Stans,ST,4,train
20240728T095246_003386,Stans,ST,5,train
20240728T095246_003387,Stans,ST,16,train
20240728T112158_003381,North Africa & Middle East,ME,1,train
20240729T090210_003389,North Africa & Middle East,ME,1,train
20240729T103728_003388,Europe,EU,1,train
20240730T095231_003392,Stans,ST,1,train
20240730T095231_003393,Stans,ST,1,train
20240730T095231_003394,Stans,ST,1,train
20240730T190438_003390,North America,AM,1,train
20240801T081231_003430,North Africa & Middle East,ME,1,train
20240801T081411_003435,North Africa & Middle East,ME,4,train
20240801T081556_003436,Stans,ST,1,train
20240803T190415_003508,North America,AM,1,train
20240803T190427_003507,North America,AM,1,train
20240805T094506_003404,North Africa & Middle East,ME,1,train
20240805T155250_003403,North America,AM,1,train
20240805T172803_003402,North America,AM,4,train
20240806T072253_003414,North Africa & Middle East,ME,1,train
20240806T085622_003410,North Africa & Middle East,ME,1,train
20240806T085622_003411,North Africa & Middle East,ME,1,train
20240806T085622_003412,North Africa & Middle East,ME,1,train
20240806T085622_003413,North Africa & Middle East,ME,4,train
20240807T063606_003419,North Africa & Middle East,ME,1,train
20240807T063606_003420,North Africa & Middle East,ME,4,train
20240807T063753_003421,North Africa & Middle East,ME,4,train
20240807T064102_003422,Stans,ST,1,train
20240807T064114_003423,Stans,ST,1,train
20240812T104614_003448,Stans,ST,1,train
20240812T104614_003449,Stans,ST,1,train
20240812T122201_003447,North Africa & Middle East,ME,1,train
20240812T135306_003446,Europe,EU,1,train
20240812T213903_003439,North America,AM,1,train
20240812T213903_003440,North America,AM,1,train
20240812T213903_003441,North America,AM,1,train
20240812T213903_003442,North America,AM,1,train
20240812T213903_003443,North America,AM,1,train
20240812T213903_003444,North America,AM,1,train
20240812T213914_003445,North America,AM,1,train
20240813T113529_003452,North Africa & Middle East,ME,1,train
20240814T122058_003454,North Africa & Middle East,ME,1,train
20240815T082321_003455,Stans,ST,1,train
20240821T033855_003605,China & Mongolia,CM,1,val
20240821T033906_003596,China & Mongolia,CM,1,val
20240821T033906_003601,China & Mongolia,CM,4,val
20240821T033906_003602,China & Mongolia,CM,1,val
20240821T033918_003593,China & Mongolia,CM,1,val
20240821T081938_003576,North Africa & Middle East,ME,1,train
20240821T081938_003577,North Africa & Middle East,ME,1,train
20240821T081949_003578,North Africa & Middle East,ME,1,train
20240821T081949_003581,North Africa & Middle East,ME,1,train
20240821T081949_003582,North Africa & Middle East,ME,1,train
20240821T082001_003584,North Africa & Middle East,ME,1,train
20240821T082152_003589,North Africa & Middle East,ME,1,train
20240823T051729_003475,SE Asia,AS,1,test
20240823T081638_003472,North Africa & Middle East,ME,16,train
20240823T173410_003462,North America,AM,1,train
20240823T173410_003463,North America,AM,1,train
20240823T173410_003464,North America,AM,1,train
20240823T173421_003465,North America,AM,1,train
20240823T173527_003467,North America,AM,1,train
20240823T173603_003468,North America,AM,1,train
20240823T173814_003469,North America,AM,46,train
20240824T055459_003482,Stans,ST,4,train
20240824T055459_003483,Stans,ST,4,train
20240824T072809_003481,North Africa & Middle East,ME,1,train
20240824T103424_003479,North Africa & Middle East,ME,4,train
20240825T050632_003503,Stans,ST,1,train
20240825T064225_003494,North Africa & Middle East,ME,16,train
20240825T064237_003496,North Africa & Middle East,ME,1,train
20240825T064249_003497,North Africa & Middle East,ME,4,train
20240825T064312_003498,North Africa & Middle East,ME,1,train
20240825T064312_003499,North Africa & Middle East,ME,1,train
20240825T064423_003500,North Africa & Middle East,ME,1,train
20240825T064423_003501,North Africa & Middle East,ME,1,train
20240825T064509_003502,North Africa & Middle East,ME,1,train
20240825T081550_003491,North Africa & Middle East,ME,1,train
20240825T081550_003492,North Africa & Middle East,ME,1,train
20240825T173115_003486,North America,AM,1,train
20240825T173139_003488,North America,AM,1,train
20240825T173151_003489,North America,AM,1,train
20240826T055324_003570,North Africa & Middle East,ME,16,train
20240826T170043_003568,South America & South Africa,SA,1,test
20240830T134429_003510,South America & South Africa,SA,1,test
20240830T135304_003511,South America & South Africa,SA,1,test
20240902T130832_003513,South America & South Africa,SA,4,test
20240916T134358_003524,South America & South Africa,SA,4,test
20240918T164518_003525,South America & South Africa,SA,1,test
20240921T173339_003555,South America & South Africa,SA,1,test
20240921T173339_003559,South America & South Africa,SA,1,test
20240924T104840_003565,North Africa & Middle East,ME,1,train
20240924T133617_003564,South America & South Africa,SA,1,test
20240927T130748_003541,North Africa & Middle East,ME,1,train
20240928T104449_003546,North Africa & Middle East,ME,1,train
20240928T104501_003547,North Africa & Middle East,ME,1,train
20240928T104513_003548,North Africa & Middle East,ME,1,train
20240928T104525_003549,North Africa & Middle East,ME,1,train
20240928T182821_003533,North America,AM,1,train
20240928T182908_003534,North America,AM,1,train
20240929T113148_003543,North Africa & Middle East,ME,1,train
20240929T113148_003544,North Africa & Middle East,ME,1,train
20240930T091145_003550,North Africa & Middle East,ME,7,train
20240930T091314_003551,Europe,EU,4,train
20240930T091314_003552,Europe,EU,4,train
20240930T182953_003530,North America,AM,4,train
20240930T200354_003528,North America,AM,1,train
20241001T191803_003618,North America,AM,1,train
20241001T191827_003617,North America,AM,1,train
20241003T065107_003631,Stans,ST,1,train
20241003T065154_003632,Stans,ST,1,train
20241003T065206_003633,Stans,ST,16,train
20241003T082129_003629,North Africa & Middle East,ME,1,train
20241003T160209_003626,North America,AM,1,train
20241004T025747_003647,China & Mongolia,CM,4,val
20241004T025747_003648,China & Mongolia,CM,1,val
20241004T025759_003652,China & Mongolia,CM,1,val
20241004T025759_003653,China & Mongolia,CM,1,val
20241004T025759_003654,China & Mongolia,CM,1,val
20241004T073609_003640,North Africa & Middle East,ME,11,train
20241004T073609_003642,North Africa & Middle East,ME,4,train
20241004T073609_003643,North Africa & Middle East,ME,1,train
20241004T073609_003645,North Africa & Middle East,ME,16,train
20241004T090633_003639,North Africa & Middle East,ME,1,train
20241004T165227_003636,North America,AM,1,train
20241004T182715_003634,North America,AM,1,train
20241005T095454_003683,North Africa & Middle East,ME,1,train
20241005T160604_003663,North America,AM,16,train
20241006T090738_003685,North Africa & Middle East,ME,1,train
20241006T165457_003658,North America,AM,1,train
20241007T082015_003686,North Africa & Middle East,ME,4,train
20241010T201028_003656,North America,AM,4,train
20241011T223625_003666,North America,AM,1,train
20241012T123436_003668,North Africa & Middle East,ME,1,train
20241012T215351_003667,North America,AM,4,train
20241014T201756_003690,North America,AM,1,train
20241015T114923_003697,North Africa & Middle East,ME,1,train
20241017T083946_003674,SE Asia,AS,1,test
20241019T100941_003675,North Africa & Middle East,ME,1,train
20241020T092144_003679,North Africa & Middle East,ME,4,train
20241020T170504_003677,North America,AM,16,train
20241026T061152_003688,North Africa & Middle East,ME,1,train
20241026T061204_003689,North Africa & Middle East,ME,1,train
20241026T172133_003687,South America & South Africa,SA,4,test
